Geographic code,Geo_name,Geo_type,Province,"Geographic code, Census division","Geographic code, Census metropolitan area / census agglomeration",Pop_2016,"Incompletely enumerated Indian reserves and Indian settlements, 2016",Pop_2011,2011 adjusted population flag,"Incompletely enumerated Indian reserves and Indian settlements, 2011",2011 population review or received update flag,Pop_percent_change,Total private dwellings 2016,Total private dwellings 2011,2011 adjusted total private dwellings flag,Total private dwellings_percent_change,"Private dwellings occupied by usual residents, 2016","Private dwellings occupied by usual residents, 2011",2011 adjusted private dwellings occupied by usual residents flag,"Private dwellings occupied by usual residents, % change",Land area in square kilometres_2016,Population density per square kilometre_2016,"National population rank, 2016","Provincial/territorial population rank, 2016"
4804001,Acadia No. 34,Municipal district,Alberta,4804,,493,F,495,F,F,,-0.4,184,161,F,14.3,159,151,F,5.3,1082.6,0.5,2983,260
4805044,Acme,Village,Alberta,4805,,653,F,653,F,F,,0,301,295,F,2,281,270,F,4.1,2.48,263,2637,243
4806021,Airdrie,City,Alberta,4806,825,61581,F,43271,T,F,D,42.3,22398,15871,T,41.1,21661,15251,T,42,84.57,728.2,89,10
4813012,Alberta Beach,Village,Alberta,4813,,1018,F,865,F,F,,17.7,743,747,F,-0.5,479,425,F,12.7,2.01,507.1,2074,197
4811805,Alexander 134,Indian reserve,Alberta,4811,835,1099,F,1027,F,F,,7,349,282,F,23.8,272,247,F,10.1,68.39,16.1,1977,188
4813811,Alexis 133,Indian reserve,Alberta,4813,,755,F,817,F,F,,-7.6,209,204,F,2.5,173,191,F,-9.4,57.36,13.2,2443,228
4808034,Alix,Village,Alberta,4808,,734,F,830,F,F,,-11.6,385,388,F,-0.8,343,355,F,-3.4,3.13,234.4,2481,231
4807032,Alliance,Village,Alberta,4807,,154,F,174,F,F,,-11.5,107,103,F,3.9,83,82,F,1.2,0.51,299.3,4094,347
4816850,Allison Bay 219,Indian reserve,Alberta,4816,860,127,F,84,F,F,,51.2,46,37,F,24.3,38,29,F,31,19.23,6.6,4211,361
4807008,Amisk,Village,Alberta,4807,,204,F,207,F,F,,-1.4,103,95,F,8.4,84,84,F,0,0.76,268.3,3905,321
4810059,Andrew,Village,Alberta,4810,,425,F,379,F,F,,12.1,266,254,F,4.7,201,203,F,-1,1.17,363.4,3169,269
4811003,Argentia Beach,Summer village,Alberta,4811,,27,F,15,F,F,,80,100,115,F,-13,17,11,F,54.5,0.73,37.1,4661,404
4805011,Arrowwood,Village,Alberta,4805,,207,F,188,F,F,,10.1,79,74,F,6.8,72,70,F,2.9,0.75,276.1,3893,319
4813048,Athabasca,Town,Alberta,4813,,2965,F,2990,F,F,,-0.8,1313,1283,F,2.3,1194,1175,F,1.6,17.65,168,1028,125
4813044,Athabasca County,Municipal district,Alberta,4813,,7869,F,7662,F,F,,2.7,4093,3835,F,6.7,3067,2965,F,3.4,6124.43,1.3,498,59
4815035,Banff,Town,Alberta,4815,,7851,F,7584,F,F,,3.5,2729,2850,F,-4.2,2543,2565,F,-0.9,4.77,1646,500,60
4802023,Barnwell,Village,Alberta,4802,,947,F,771,F,F,,22.8,266,217,F,22.6,260,213,F,22.1,1.51,625.6,2167,206
4802016,Barons,Village,Alberta,4802,810,341,F,315,F,F,,8.3,148,139,F,6.5,132,124,F,6.5,0.81,419.5,3419,284
4813019,Barrhead,Town,Alberta,4813,,4579,F,4432,F,F,,3.3,2009,1932,F,4,1912,1805,F,5.9,8.17,560.4,761,92
4813018,Barrhead County No. 11,Municipal district,Alberta,4813,,6288,F,6096,F,F,,3.1,2830,2718,F,4.1,2298,2206,F,4.2,2406.25,2.6,605,73
4810002,Bashaw,Town,Alberta,4810,,830,F,873,F,F,,-4.9,418,431,F,-3,379,376,F,0.8,2.99,277.8,2335,216
4802039,Bassano,Town,Alberta,4802,806,1206,F,1282,F,F,,-5.9,556,585,F,-5,536,542,F,-1.1,5.22,231.2,1867,183
4810009,Bawlf,Village,Alberta,4810,,422,F,403,F,F,,4.7,175,171,F,2.3,165,155,F,6.5,0.89,473.3,3173,270
4811013,Beaumont,Town,Alberta,4811,835,17396,F,13284,F,F,,31,5980,4566,F,31,5633,4369,F,28.9,10.47,1661.1,247,25
4810016,Beaver County,Municipal district,Alberta,4810,,5905,F,5689,F,F,,3.8,2381,2324,F,2.5,2177,2109,F,3.2,3317.57,1.8,638,77
4812828,Beaver Lake 131,Indian reserve,Alberta,4812,,414,F,423,F,F,,-2.1,115,114,F,0.9,105,100,F,5,57.19,7.2,3191,271
4817841,Beaver Ranch 163,Indian reserve,Alberta,4817,,10,F,16,F,F,,-37.5,7,8,F,-12.5,5,5,F,0,9.22,1.1,4749,410
4819009,Beaverlodge,Town,Alberta,4819,,2465,F,2365,F,F,,4.2,1024,981,F,4.4,953,892,F,6.8,5.73,430.5,1179,137
4806024,Beiseker,Village,Alberta,4806,825,819,F,785,F,F,,4.3,338,338,F,0,331,323,F,2.5,2.85,287.1,2356,223
4808026,Bentley,Town,Alberta,4808,,1078,F,1073,F,F,,0.5,463,469,F,-1.3,441,440,F,0.2,2.24,482.2,1998,191
4819072,Berwyn,Village,Alberta,4819,,538,F,526,F,F,,2.3,255,252,F,1.2,232,225,F,3.1,1.58,341.2,2881,254
4811039,Betula Beach,Summer village,Alberta,4811,835,16,F,10,F,F,,60,40,40,F,0,7,6,F,16.7,0.25,65,4724,409
4809810,Big Horn 144A,Indian reserve,Alberta,4809,,237,F,134,F,F,,76.9,59,45,F,31.1,44,40,F,10,22.28,10.6,3785,306
4817027,Big Lakes County,Municipal district,Alberta,4817,,5672,F,5912,F,F,,-4.1,2728,2710,F,0.7,2099,2143,F,-2.1,13942.43,0.4,655,80
4807021,Big Valley,Village,Alberta,4807,,346,F,364,F,F,,-4.9,189,187,F,1.1,167,168,F,-0.6,1.86,186.4,3395,281
4815015,Bighorn No. 8,Municipal district,Alberta,4815,,1334,F,1341,F,F,,-0.5,766,797,F,-3.9,556,547,F,1.6,2761.18,0.5,1762,173
4813013,Birch Cove,Summer village,Alberta,4813,,45,F,45,F,F,,0,74,60,F,23.3,20,20,F,0,0.3,148.7,4571,394
4819049,Birch Hills County,Municipal district,Alberta,4819,,1553,F,1582,F,F,,-1.8,616,596,F,3.4,496,519,F,-4.4,2859.6,0.5,1609,165
4808023,Birchcliff,Summer village,Alberta,4808,,117,F,112,F,F,,4.5,98,79,F,24.1,44,42,F,4.8,1.03,113.4,4246,364
4810012,Bittern Lake,Village,Alberta,4810,,220,F,224,F,F,,-1.8,88,85,F,3.5,86,83,F,3.6,6.57,33.5,3846,310
4806011,Black Diamond,Town,Alberta,4806,,2700,F,2373,F,F,,13.8,1108,1001,F,10.7,1098,945,F,16.2,3.84,702.7,1102,130
4808029,Blackfalds,Town,Alberta,4808,,9328,F,6300,F,F,,48.1,3552,2458,F,44.5,3302,2250,F,46.8,16.44,567.3,437,49
4803802,Blood 148,Indian reserve,Alberta,4803,,4570,F,4679,F,F,,-2.3,1436,1179,F,21.8,1147,1124,F,2,1414.31,3.2,763,93
4803803,Blood 148A,Indian reserve,Alberta,4803,,0,F,0,F,F,,,0,0,F,,0,0,F,,18.43,0,4870,416
4811066,Bon Accord,Town,Alberta,4811,835,1529,F,1488,F,F,,2.8,578,569,F,1.6,560,541,F,3.5,2.13,718.7,1621,167
4813053,Bondiss,Summer village,Alberta,4813,,110,F,106,F,F,,3.8,195,157,F,24.2,56,56,F,0,1.23,89.3,4277,368
4812009,Bonnyville,Town,Alberta,4812,,5417,F,6216,F,F,,-12.9,2499,2482,F,0.7,2106,2324,F,-9.4,14.18,382,672,84
4812011,Bonnyville Beach,Summer village,Alberta,4812,,84,F,95,F,F,,-11.6,70,40,F,75,33,36,F,-8.3,0.17,497.3,4393,380
4812004,Bonnyville No. 87,Municipal district,Alberta,4812,,13575,F,11191,F,F,,21.3,5667,4349,F,30.3,4820,3951,F,22,6064.73,2.2,306,34
4807024,Botha,Village,Alberta,4807,,204,F,175,F,F,,16.6,81,74,F,9.5,80,71,F,12.7,1.1,186,3905,321
4801014,Bow Island,Town,Alberta,4801,,1983,F,2025,F,F,,-2.1,682,670,F,1.8,636,641,F,-0.8,5.81,341.6,1355,151
4808006,Bowden,Town,Alberta,4808,,1240,F,1241,F,F,,-0.1,581,545,F,6.6,524,518,F,1.2,2.8,442.8,1840,179
4817842,Boyer 164,Indian reserve,Alberta,4817,,218,F,213,F,F,,2.3,67,70,F,-4.3,63,59,F,6.8,41.57,5.2,3852,313
4813046,Boyle,Village,Alberta,4813,,845,F,916,F,F,,-7.8,464,479,F,-3.1,357,388,F,-8,7.13,118.5,2317,215
4811032,Brazeau County,Municipal district,Alberta,4811,,7771,F,7132,T,F,D,9,3194,2822,T,13.2,2930,2663,T,10,3005.35,2.6,507,62
4811026,Breton,Village,Alberta,4811,,574,F,496,F,F,,15.7,292,218,F,33.9,252,208,F,21.2,1.72,333.5,2796,248
4802034,Brooks,City,Alberta,4802,806,14451,F,13676,F,F,,5.7,5412,5509,F,-1.8,5046,5037,F,0.2,18.59,777.3,284,29
4810066,Bruderheim,Town,Alberta,4810,835,1308,F,1155,F,F,,13.2,622,487,T,27.7,502,445,T,12.8,7.12,183.8,1787,176
4809005,Burnstick Lake,Summer village,Alberta,4809,,0,F,16,F,F,,-100,0,34,F,-100,0,6,F,-100,0.18,0,4870,416
4817848,Bushe River 207,Indian reserve,Alberta,4817,,503,F,492,F,F,,2.2,142,140,F,1.4,134,133,F,0.8,114.72,4.4,2959,258
4806016,Calgary,City,Alberta,4806,825,1239220,F,1096833,F,F,,13,489650,445848,F,9.8,466725,423417,F,10.2,825.56,1501.1,3,1
4811019,Calmar,Town,Alberta,4811,835,2228,F,1970,F,F,,13.1,861,798,F,7.9,842,760,F,10.8,4.68,476.2,1255,140
4810011,Camrose,City,Alberta,4810,833,18742,F,17286,F,F,,8.4,8520,7945,F,7.2,8055,7460,F,8,42.62,439.8,233,24
4810001,Camrose County,Municipal district,Alberta,4810,,8458,F,8004,T,F,D,5.7,3492,3301,T,5.8,3118,2975,T,4.8,3324.21,2.5,466,52
4815023,Canmore,Town,Alberta,4815,828,13992,F,12288,F,F,,13.9,7963,7973,F,-0.1,5738,5176,F,10.9,69.43,201.5,295,30
4805042,Carbon,Village,Alberta,4805,,454,F,592,F,F,,-23.3,222,226,F,-1.8,199,208,F,-4.3,1.99,227.7,3079,264
4817854,Carcajou 187,Indian Settlement,Alberta,4817,,0,F,0,F,F,,,0,0,F,,0,0,F,,0.42,0,4870,416
4803004,Cardston,Town,Alberta,4803,,3585,F,3580,F,F,,0.1,1270,1322,F,-3.9,1175,1208,F,-2.7,8.59,417.5,901,108
4803001,Cardston County,Municipal district,Alberta,4803,,4481,F,4167,F,F,,7.5,1260,1171,F,7.6,1043,1032,F,1.1,3429.82,1.3,772,94
4805002,Carmangay,Village,Alberta,4805,,242,F,367,F,F,,-34.1,135,143,F,-5.6,121,120,F,0.8,1.86,129.8,3769,304
4809010,Caroline,Village,Alberta,4809,,512,F,501,F,F,,2.2,259,248,F,4.4,233,201,F,15.9,2.04,250.4,2939,257
4806029,Carstairs,Town,Alberta,4806,,4077,F,3442,F,F,,18.4,1590,1397,F,13.8,1544,1311,F,17.8,11.92,342.1,820,99
4813009,Castle Island,Summer village,Alberta,4813,,10,F,19,F,F,,-47.4,19,20,F,-5,7,11,F,-36.4,0.05,190.5,4749,410
4807014,Castor,Town,Alberta,4807,,929,F,932,F,F,,-0.3,448,456,F,-1.8,419,417,F,0.5,2.63,352.6,2193,208
4804016,Cereal,Village,Alberta,4804,,111,F,134,F,F,,-17.2,63,79,F,-20.3,59,71,F,-16.9,0.79,140.9,4268,367
4805004,Champion,Village,Alberta,4805,,317,F,378,F,F,,-16.1,185,177,F,4.5,164,159,F,3.1,0.89,356.5,3500,288
4807051,Chauvin,Village,Alberta,4807,,335,F,334,F,F,,0.3,156,151,F,3.3,145,144,F,0.7,2.24,149.2,3437,286
4806017,Chestermere,City,Alberta,4806,825,19887,F,14824,F,F,,34.2,6250,4858,F,28.7,6112,4635,F,31.9,32.94,603.8,217,21
4817843,Child Lake 164A,Indian reserve,Alberta,4817,,216,F,188,F,F,,14.9,62,59,F,5.1,62,55,F,12.7,27.41,7.9,3861,314
4816831,Chipewyan 201A,Indian reserve,Alberta,4816,860,0,F,5,F,F,,-100,0,1,F,-100,0,1,F,-100,0.3,0,4870,416
4810062,Chipman,Village,Alberta,4810,,274,F,284,F,F,,-3.5,145,144,F,0.7,124,134,F,-7.5,9.61,28.5,3662,296
4803022,Claresholm,Town,Alberta,4803,,3780,F,3758,F,F,,0.6,1742,1756,F,-0.8,1644,1635,F,0.6,8.11,465.9,870,103
4817062,Clear Hills,Municipal district,Alberta,4817,,3023,F,2801,F,F,,7.9,1062,938,F,13.2,938,893,F,5,15125.49,0.2,1012,121
4817825,Clear Hills 152C,Indian reserve,Alberta,4817,,0,F,0,F,F,,,5,3,F,66.7,1,1,F,0,14.39,0,4870,416
4809002,Clearwater County,Municipal district,Alberta,4809,,11947,F,12278,F,F,,-2.7,5486,5358,F,2.4,4699,4698,F,0,18682.45,0.6,344,38
4808032,Clive,Village,Alberta,4808,,715,F,675,F,F,,5.9,306,299,F,2.3,286,252,F,13.5,2.17,328.8,2514,235
4813032,Clyde,Village,Alberta,4813,,430,F,503,F,F,,-14.5,198,211,F,-6.2,179,197,F,-9.1,1.31,327.7,3148,267
4802019,Coaldale,Town,Alberta,4802,810,8215,F,7493,F,F,,9.6,3070,2844,F,7.9,3007,2751,F,9.3,7.99,1028.5,480,57
4802013,Coalhurst,Town,Alberta,4802,810,2668,F,1978,T,F,D,34.9,970,790,T,22.8,938,720,T,30.3,3.11,857.5,1107,131
4806019,Cochrane,Town,Alberta,4806,825,25853,F,17580,F,F,,47.1,10225,6824,F,49.8,9757,6523,F,49.6,29.83,866.7,166,16
4812002,Cold Lake,City,Alberta,4812,845,14961,F,13839,F,F,,8.1,6657,5626,F,18.3,5597,5150,F,8.7,59.92,249.7,278,27
4812810,Cold Lake 149,Indian reserve,Alberta,4812,,671,F,594,F,F,,13,222,199,F,11.6,208,177,F,17.5,140.69,4.8,2601,241
4812813,Cold Lake 149A,Indian reserve,Alberta,4812,,40,F,45,F,F,,-11.1,19,18,F,5.6,18,17,F,5.9,0.69,57.6,4593,397
4812815,Cold Lake 149B,Indian reserve,Alberta,4812,,163,F,149,F,F,,9.4,53,44,F,20.5,47,40,F,17.5,42.17,3.9,4063,340
4804022,Consort,Village,Alberta,4804,,729,F,689,F,F,,5.8,310,305,F,1.6,280,274,F,2.2,3.05,238.8,2491,232
4807012,Coronation,Town,Alberta,4807,,940,F,947,F,F,,-0.7,442,455,F,-2.9,405,391,F,3.6,3.62,259.9,2177,207
4802002,Coutts,Village,Alberta,4802,,245,F,277,F,F,,-11.6,159,154,F,3.2,122,123,F,-0.8,1.24,197.2,3753,302
4803016,Cowley,Village,Alberta,4803,,209,F,236,F,F,,-11.4,113,113,F,0,100,104,F,-3.8,1.37,152.9,3885,317
4806031,Cremona,Village,Alberta,4806,,444,F,457,F,F,,-2.8,204,213,F,-4.2,189,199,F,-5,1.94,228.6,3107,266
4806026,Crossfield,Town,Alberta,4806,825,2983,F,2853,F,F,,4.6,1168,1090,F,7.2,1101,1018,F,8.2,11.96,249.3,1024,123
4815007,Crowsnest Pass,Specialized municipality,Alberta,4815,,5589,F,5565,F,F,,0.4,3225,3234,F,-0.3,2567,2586,F,-0.7,371.44,15,663,82
4811006,Crystal Springs,Summer village,Alberta,4811,,51,F,90,F,F,,-43.3,108,146,F,-26,26,44,F,-40.9,0.57,88.9,4542,390
4801003,Cypress County,Municipal district,Alberta,4801,805,7662,F,7214,F,F,,6.2,3222,3040,F,6,2689,2518,F,6.8,13173.25,0.6,517,63
4807004,Czar,Village,Alberta,4807,,202,F,167,F,F,,21,87,92,F,-5.4,85,76,F,11.8,1.12,180.1,3913,323
4807039,Daysland,Town,Alberta,4807,,824,F,807,F,F,,2.1,356,352,F,1.1,330,329,F,0.3,1.75,471.1,2347,222
4808004,Delburne,Village,Alberta,4808,,892,F,830,F,F,,7.5,394,373,F,5.6,380,348,F,9.2,3.98,224,2241,211
4805034,Delia,Village,Alberta,4805,,216,F,186,F,F,,16.1,115,112,F,2.7,103,99,F,4,1.33,162.5,3861,314
4817855,Desmarais,Indian Settlement,Alberta,4817,,105,F,129,F,F,,-18.6,91,72,F,26.4,51,62,F,-17.7,1.45,72.4,4293,370
4811018,Devon,Town,Alberta,4811,835,6578,F,6515,T,F,D,1,2493,2472,T,0.8,2415,2388,T,1.1,14.3,460.2,591,72
4810046,Dewberry,Village,Alberta,4810,,186,F,201,F,F,,-7.5,104,106,F,-1.9,90,87,F,3.4,0.82,226.3,3985,332
4806032,Didsbury,Town,Alberta,4806,,5268,F,4957,F,F,,6.3,2119,1987,F,6.6,2031,1923,F,5.6,16.37,321.7,689,86
4816852,Dog Head 218,Indian reserve,Alberta,4816,860,99,F,111,F,F,,-10.8,49,49,T,0,39,45,T,-13.3,0.59,166.9,4314,373
4807029,Donalda,Village,Alberta,4807,,219,F,259,F,F,,-15.4,131,140,F,-6.4,115,119,F,-3.4,0.99,221,3849,311
4819044,Donnelly,Village,Alberta,4819,,342,F,305,F,F,,12.1,170,166,F,2.4,150,140,F,7.1,1.31,262,3413,283
4811031,Drayton Valley,Town,Alberta,4811,,7235,F,7118,T,F,D,1.6,3116,2929,T,6.4,2782,2770,T,0.4,30.72,235.5,540,65
4817828,Drift Pile River 150,Indian reserve,Alberta,4817,,828,F,800,F,F,,3.5,277,270,F,2.6,258,254,F,1.6,66.23,12.5,2338,217
4805026,Drumheller,Town,Alberta,4805,,7982,F,8029,F,F,,-0.6,3471,3418,F,1.6,3164,3182,F,-0.6,108.03,73.9,491,58
4802036,Duchess,Village,Alberta,4802,806,1085,F,992,F,F,,9.4,390,376,F,3.7,371,360,F,3.1,1.96,553.4,1991,189
4819826,Duncan's 151A,Indian reserve,Alberta,4819,,150,F,164,F,F,,-8.5,56,55,F,1.8,52,46,F,13,23.45,6.4,4114,353
4808024,Eckville,Town,Alberta,4808,,1125,F,1125,F,F,,0,465,485,F,-4.1,443,436,F,1.6,1.6,703.3,1950,187
4810006,Edberg,Village,Alberta,4810,,151,F,168,F,F,,-10.1,65,70,F,-7.1,61,68,F,-10.3,0.35,426.9,4111,351
4806803,Eden Valley 216,Indian reserve,Alberta,4806,,596,F,587,F,F,,1.5,113,116,F,-2.6,97,106,F,-8.5,17.65,33.8,2752,247
4807052,Edgerton,Village,Alberta,4807,,384,F,317,F,F,,21.1,192,166,F,15.7,177,151,F,17.2,2.04,188,3279,276
4811061,Edmonton,City,Alberta,4811,835,932546,F,812201,F,F,,14.8,387950,348672,F,11.3,360828,324756,F,11.1,685.25,1360.9,5,2
4814024,Edson,Town,Alberta,4814,,8414,F,8475,F,F,,-0.7,3762,3701,F,1.6,3359,3386,F,-0.8,29.72,283.1,472,54
4812016,Elk Point,Town,Alberta,4812,,1452,F,1412,F,F,,2.8,642,619,F,3.7,534,572,F,-6.6,4.91,295.5,1680,169
4808002,Elnora,Village,Alberta,4808,,298,F,313,F,F,,-4.8,160,151,F,6,144,139,F,3.6,1.47,203.2,3575,292
4804006,Empress,Village,Alberta,4804,,135,F,188,F,F,,-28.2,71,73,F,-2.7,58,69,F,-15.9,1.58,85.3,4176,358
4811801,Ermineskin 138,Indian reserve,Alberta,4811,,2457,F,1874,F,F,,31.1,523,382,F,36.9,452,356,F,27,104.46,23.5,1183,138
4819068,Fairview,Town,Alberta,4819,,2998,F,3162,F,F,,-5.2,1363,1322,F,3.1,1251,1266,F,-1.2,11.36,264,1018,122
4819066,Fairview No. 136,Municipal district,Alberta,4819,,1604,F,1673,F,F,,-4.1,683,640,F,6.7,620,614,F,1,1387.58,1.2,1569,163
4819046,Falher,Town,Alberta,4819,,1047,F,1075,F,F,,-2.6,482,522,F,-7.7,450,497,F,-9.5,2.78,376.4,2033,193
4810004,Ferintosh,Village,Alberta,4810,,202,F,181,F,F,,11.6,103,96,F,7.3,97,85,F,14.1,0.66,305.7,3913,323
4807031,Flagstaff County,Municipal district,Alberta,4807,,3738,F,3591,T,F,D,4.1,1532,1511,T,1.4,1380,1338,T,3.1,4067.58,0.9,876,104
4806001,Foothills No. 31,Municipal district,Alberta,4806,,22766,F,21248,T,F,D,7.1,8689,8395,T,3.5,8156,7637,T,6.8,3636.8,6.3,183,18
4801009,Foremost,Village,Alberta,4801,,541,F,526,F,F,,2.9,257,246,F,4.5,229,218,F,5,2.16,250.3,2869,252
4807036,Forestburg,Village,Alberta,4807,,875,F,831,F,F,,5.3,404,380,F,6.3,360,348,F,3.4,2.73,320.1,2264,213
4816859,Fort Mackay,Indian Settlement,Alberta,4816,860,742,F,562,F,F,,32,303,235,F,28.9,250,201,F,24.4,9.53,77.9,2468,230
4803019,Fort Macleod,Town,Alberta,4803,,2967,F,3117,F,F,,-4.8,1426,1350,F,5.6,1226,1244,F,-1.4,23.41,126.8,1027,124
4811056,Fort Saskatchewan,City,Alberta,4811,835,24149,F,19051,F,F,,26.8,9939,8109,F,22.6,9261,7333,F,26.3,48.18,501.3,177,17
4817859,Fort Vermilion 173B,Indian reserve,Alberta,4817,,96,F,97,F,F,,-1,25,22,F,13.6,23,20,F,15,0.62,154.3,4323,374
4801008,Forty Mile County No. 8,Municipal district,Alberta,4801,,3581,F,3336,F,F,,7.3,968,965,F,0.3,865,819,F,5.6,7249.31,0.5,902,109
4818002,Fox Creek,Town,Alberta,4818,,1971,F,1969,F,F,,0.1,1054,980,F,7.6,775,773,F,0.3,12.36,159.4,1364,152
4817835,Fox Lake 162,Indian reserve,Alberta,4817,,2032,F,1875,F,F,,8.4,351,328,F,7,303,300,F,1,96.44,21.1,1333,148
4807022,Gadsby,Village,Alberta,4807,,40,F,25,F,F,,60,25,18,F,38.9,24,14,F,71.4,0.75,53.6,4593,397
4815027,Ghost Lake,Summer village,Alberta,4815,,82,F,81,F,F,,1.2,87,69,F,26.1,36,35,F,2.9,0.67,122.6,4405,381
4811064,Gibbons,Town,Alberta,4811,835,3159,F,3030,F,F,,4.3,1223,1111,F,10.1,1136,1075,F,5.7,7.5,421.3,985,119
4819048,Girouxville,Village,Alberta,4819,,219,F,266,F,F,,-17.7,130,147,F,-11.6,107,129,F,-17.1,0.67,325.1,3849,311
4812012,Glendon,Village,Alberta,4812,,493,F,486,F,F,,1.4,234,229,F,2.2,208,204,F,2,1.99,247.3,2983,260
4803006,Glenwood,Village,Alberta,4803,,316,F,287,F,F,,10.1,119,113,F,5.3,107,99,F,8.1,1.37,229.9,3505,289
4811023,Golden Days,Summer village,Alberta,4811,835,160,F,141,F,F,,13.5,293,284,F,3.2,78,74,F,5.4,2.28,70.3,4068,342
4818005,Grande Cache,Town,Alberta,4818,,3571,F,4319,F,F,,-17.3,1759,1752,F,0.4,1296,1563,F,-17.1,34.97,102.1,905,110
4819012,Grande Prairie,City,Alberta,4819,850,63166,F,55655,T,F,D,13.5,26204,23243,T,12.7,23676,21428,T,10.5,132.73,475.9,88,9
4819006,Grande Prairie County No. 1,Municipal district,Alberta,4819,,22303,F,19724,T,F,D,13.1,8291,7356,T,12.7,7684,6947,T,10.6,5802.21,3.8,187,19
4811004,Grandview,Summer village,Alberta,4811,,114,F,108,F,F,,5.6,210,205,F,2.4,57,56,F,1.8,0.79,144.3,4256,365
4803021,Granum,Town,Alberta,4803,,406,F,447,F,F,,-9.2,206,220,F,-6.4,199,205,F,-2.9,1.91,212.1,3216,274
4818015,Greenview No. 16,Municipal district,Alberta,4818,,5583,F,5299,F,F,,5.4,2473,2197,F,12.6,2067,1970,F,4.9,32984.24,0.2,664,83
4816821,Gregoire Lake 176,Indian reserve,Alberta,4816,860,191,F,274,F,F,,-30.3,74,99,F,-25.3,62,90,F,-31.1,22.2,8.6,3961,327
4816822,Gregoire Lake 176A,Indian reserve,Alberta,4816,860,130,F,0,F,F,,,49,0,F,,43,0,F,,1.12,115.8,4194,360
4819074,Grimshaw,Town,Alberta,4819,,2718,F,2515,F,F,,8.1,1194,1093,F,9.2,1061,984,F,7.8,7.09,383.4,1096,129
4808028,Gull Lake,Summer village,Alberta,4808,,176,F,122,F,F,,44.3,244,80,F,205,79,56,F,41.1,0.7,251.7,4015,336
4808025,Half Moon Bay,Summer village,Alberta,4808,,42,F,38,F,F,,10.5,56,62,F,-9.7,20,16,F,25,0.11,386.4,4583,396
4807016,Halkirk,Village,Alberta,4807,,112,F,121,F,F,,-7.4,56,70,F,-20,55,57,F,-3.5,0.61,184.1,4263,366
4804011,Hanna,Town,Alberta,4804,,2559,F,2673,F,F,,-4.3,1246,1317,F,-5.4,1149,1208,F,-4.9,8.81,290.6,1143,135
4807048,Hardisty,Town,Alberta,4807,,554,F,639,F,F,,-13.3,401,366,F,9.6,254,263,F,-3.4,5.13,108,2840,251
4817845,Hay Lake 209,Indian reserve,Alberta,4817,,883,F,949,F,F,,-7,277,328,F,-15.5,247,280,F,-11.8,103.57,8.5,2256,212
4810014,Hay Lakes,Village,Alberta,4810,,495,F,425,F,F,,16.5,203,187,F,8.6,191,170,F,12.4,0.59,835.7,2978,259
4812840,Heart Lake 167,Indian reserve,Alberta,4812,,184,F,159,F,F,,15.7,57,46,F,23.9,48,41,F,17.1,47.54,3.9,3994,334
4807038,Heisler,Village,Alberta,4807,,160,F,151,F,F,,6,87,81,F,7.4,74,71,F,4.2,0.64,250.8,4068,342
4817093,High Level,Town,Alberta,4817,,3159,F,3641,F,F,,-13.2,1339,1463,F,-8.5,1096,1272,F,-13.8,29.2,108.2,985,119
4817021,High Prairie,Town,Alberta,4817,,2564,F,2600,F,F,,-1.4,1116,1069,F,4.4,949,972,F,-2.4,7.22,355.3,1140,134
4806006,High River,Town,Alberta,4806,821,13584,F,12930,T,F,D,5.1,5655,5479,T,3.2,5367,5267,T,1.9,21.39,635.1,305,33
4803008,Hill Spring,Village,Alberta,4803,,162,F,186,F,F,,-12.9,92,83,F,10.8,74,78,F,-5.1,0.96,168.6,4064,341
4817064,Hines Creek,Village,Alberta,4817,,346,F,380,F,F,,-8.9,151,157,F,-3.8,146,147,F,-0.7,5.33,64.9,3395,281
4814019,Hinton,Town,Alberta,4814,,9882,F,9640,F,F,,2.5,4343,4143,F,4.8,3930,3781,F,3.9,33.52,294.8,416,46
4810021,Holden,Village,Alberta,4810,,350,F,381,F,F,,-8.1,167,213,F,-21.6,146,182,F,-19.8,1.74,200.9,3384,280
4819815,Horse Lakes 152B,Indian reserve,Alberta,4819,,469,F,402,F,F,,16.7,112,111,F,0.9,107,103,F,3.9,14.33,32.7,3045,263
4812020,Horseshoe Bay,Summer village,Alberta,4812,,49,F,37,F,F,,32.4,88,22,F,300,25,17,F,47.1,1.14,42.8,4557,391
4807006,Hughenden,Village,Alberta,4807,,243,F,230,F,F,,5.7,117,106,F,10.4,101,89,F,13.5,0.78,309.9,3763,303
4805019,Hussar,Village,Alberta,4805,,190,F,176,F,F,,8,87,89,F,-2.2,78,78,F,0,0.75,254.8,3966,328
4819008,Hythe,Village,Alberta,4819,,827,F,820,F,F,,0.9,320,329,F,-2.7,289,296,F,-2.4,4.1,201.9,2342,220
4803003,Improvement District No.  4 Waterton,Improvement district,Alberta,4803,,105,F,88,F,F,,19.3,168,181,F,-7.2,39,31,F,25.8,485.66,0.2,4293,370
4815032,Improvement District No.  9 Banff,Improvement district,Alberta,4815,,1028,F,1175,F,F,,-12.5,31,120,F,-74.2,30,86,F,-65.1,6787.28,0.2,2057,196
4815037,Improvement District No. 12 Jasper Park,Improvement district,Alberta,4815,,53,F,34,F,F,,55.9,0,0,F,,0,0,F,,10185.75,0,4532,388
4810068,Improvement District No. 13 Elk Island,Improvement district,Alberta,4810,,0,F,10,F,F,,-100,6,0,F,,1,0,F,,165.05,0,4870,416
4816051,Improvement District No. 24 Wood Buffalo,Improvement district,Alberta,4816,,648,F,590,F,F,,9.8,123,102,F,20.6,106,100,F,6,33416.3,0,2647,244
4814028,Improvement District No. 25 Willmore Wilderness,Improvement district,Alberta,4814,,0,F,0,F,F,,,0,0,F,,0,0,F,,4605.63,0,4870,416
4812038,Improvement District No. 349,Improvement district,Alberta,4812,,0,F,0,T,F,D,,0,0,T,,0,0,T,,5639.63,0,4870,416
4808008,Innisfail,Town,Alberta,4808,,7847,F,7876,F,F,,-0.4,3509,3323,F,5.6,3169,3118,F,1.6,19.4,404.6,501,61
4810031,Innisfree,Village,Alberta,4810,,193,F,220,F,F,,-12.3,126,136,F,-7.4,96,108,F,-11.1,1.01,191.1,3952,325
4807056,Irma,Village,Alberta,4807,,521,F,457,F,F,,14,242,229,F,5.7,221,204,F,8.3,1.34,389,2919,256
4806022,Irricana,Town,Alberta,4806,825,1216,F,1162,F,F,,4.6,479,480,F,-0.2,473,444,F,6.5,3.23,376.1,1859,182
4813049,Island Lake,Summer village,Alberta,4813,,228,F,243,F,F,,-6.2,263,248,F,6,96,104,F,-7.7,1.85,123.1,3814,307
4813051,Island Lake South,Summer village,Alberta,4813,,61,F,72,F,F,,-15.3,74,65,F,13.8,30,34,F,-11.8,0.67,90.8,4497,387
4811022,Itaska Beach,Summer village,Alberta,4811,835,23,F,20,F,F,,15,78,79,F,-1.3,10,12,F,-16.7,0.29,78.7,4682,406
4816817,Janvier 194,Indian reserve,Alberta,4816,860,414,F,295,F,F,,40.3,143,128,F,11.7,126,102,F,23.5,27.42,15.1,3191,271
4808005,Jarvis Bay,Summer village,Alberta,4808,831,213,F,203,F,F,,4.9,136,134,F,1.5,86,75,F,14.7,0.53,405.7,3874,316
4815033,Jasper,Specialized municipality,Alberta,4815,,4590,F,4432,F,F,A,3.6,1702,1819,F,-6.4,1576,1606,F,-1.9,924.06,5,760,91
4817817,Jean Baptiste Gambler 183,Indian reserve,Alberta,4817,,253,F,254,F,F,,-0.4,86,72,F,19.4,68,62,F,9.7,1.9,132.9,3722,299
4817837,John d'Or Prairie 215,Indian reserve,Alberta,4817,,1196,F,1123,F,F,,6.5,237,225,F,5.3,223,202,F,10.4,171.03,7,1879,184
4815013,Kananaskis,Improvement district,Alberta,4815,,221,F,249,F,F,,-11.2,79,65,F,21.5,58,28,F,107.1,4213.95,0.1,3844,309
4811044,Kapasiwin,Summer village,Alberta,4811,835,10,F,10,F,F,,0,41,45,F,-8.9,5,7,F,-28.6,0.3,33.2,4749,410
4817836,Kapawe'no First Nation (Freeman 150B),Indian reserve,Alberta,4817,,154,F,115,F,F,,33.9,45,39,F,15.4,44,35,F,25.7,0.3,520.8,4094,347
4817830,Kapawe'no First Nation (Pakashan 150D),Indian reserve,Alberta,4817,,5,F,5,F,F,,0,7,5,F,40,4,2,F,100,3.9,1.3,4804,415
4812811,Kehewin 123,Indian reserve,Alberta,4812,,976,F,1065,F,F,,-8.4,256,272,F,-5.9,233,238,F,-2.1,80.05,12.2,2125,203
4807042,Killam,Town,Alberta,4807,,989,F,981,F,F,,0.8,415,434,T,-4.4,380,400,T,-5,6.75,146.5,2101,200
4810041,Kitscoty,Village,Alberta,4810,,925,F,846,F,F,,9.3,337,316,F,6.6,317,300,F,5.7,1.51,610.9,2198,209
4805041,Kneehill County,Municipal district,Alberta,4805,,5001,F,4921,F,F,,1.6,1859,1817,F,2.3,1722,1670,F,3.1,3381.02,1.5,713,89
4812037,Lac la Biche County,Municipal district,Alberta,4812,,8330,F,8402,F,F,,-0.9,3998,3888,F,2.8,3076,2989,F,2.9,12572.29,0.7,474,55
4813001,Lac Ste. Anne County,Municipal district,Alberta,4813,,10899,F,10260,F,F,,6.2,5385,4959,F,8.6,4346,4092,F,6.2,2850.38,3.8,378,42
4808031,Lacombe,City,Alberta,4808,832,13057,F,11707,F,F,,11.5,5034,4686,F,7.4,4797,4413,F,8.7,20.81,627.5,319,36
4808022,Lacombe County,Municipal district,Alberta,4808,,10343,F,10307,T,F,D,0.3,4668,4314,T,8.2,3890,3712,T,4.8,2765.16,3.7,397,44
4811042,Lakeview,Summer village,Alberta,4811,835,30,F,26,F,F,,15.4,23,36,F,-36.1,13,13,F,0,0.35,86.3,4637,401
4810064,Lamont,Town,Alberta,4810,,1774,F,1753,F,F,,1.2,695,673,F,3.3,664,643,F,3.3,9.2,192.8,1469,159
4810058,Lamont County,Municipal district,Alberta,4810,,3899,F,3872,F,F,,0.7,1919,1816,T,5.7,1589,1580,T,0.6,2385.09,1.6,843,101
4813033,Larkspur,Summer village,Alberta,4813,,44,F,38,F,F,,15.8,89,69,F,29,23,16,F,43.8,0.26,167.2,4578,395
4811016,Leduc,City,Alberta,4811,835,29993,F,24304,T,F,D,23.4,12264,9797,T,25.2,11319,9298,T,21.7,42.44,706.7,150,14
4811012,Leduc County,Municipal district,Alberta,4811,835,13780,F,13494,T,F,B,2.1,5960,5476,T,8.8,5101,4947,T,3.1,2601.49,5.3,299,31
4811069,Legal,Town,Alberta,4811,835,1345,F,1225,F,F,,9.8,465,464,F,0.2,448,439,F,2.1,3.18,423.4,1750,172
4817033,Lesser Slave River No.124,Municipal district,Alberta,4817,,2803,F,2929,F,F,,-4.3,1310,1438,F,-8.9,1090,1111,F,-1.9,10074.39,0.3,1072,127
4802012,Lethbridge,City,Alberta,4802,810,92729,F,83517,F,F,,11,39867,37396,F,6.6,37575,34140,F,10.1,122.09,759.5,59,5
4802011,Lethbridge County,Municipal district,Alberta,4802,810,10353,F,10046,T,F,D,3.1,3129,3047,T,2.7,2968,2861,T,3.7,2836.64,3.6,396,43
4805046,Linden,Village,Alberta,4805,,828,F,725,F,F,,14.2,331,315,F,5.1,306,293,F,4.4,2.58,321.5,2338,217
4817853,Little Buffalo,Indian Settlement,Alberta,4817,,452,F,387,F,F,,16.8,130,106,F,22.6,113,89,F,27,13.26,34.1,3082,265
4810039,Lloydminster (Part),City,Alberta,4810,840,19645,F,18032,F,F,,8.9,8444,7451,F,13.3,7444,6930,F,7.4,24.04,817.3,221,22
4805008,Lomond,Village,Alberta,4805,,166,F,173,F,F,,-4,101,102,F,-1,73,80,F,-8.8,1.21,137,4055,339
4806008,Longview,Village,Alberta,4806,,307,F,307,F,F,,0,151,140,F,7.9,140,131,F,6.9,1.1,278.3,3539,291
4817860,Loon Lake 235,Indian reserve,Alberta,4817,,555,F,511,F,F,,8.6,157,148,F,6.1,147,134,F,9.7,54.98,10.1,2837,250
4807046,Lougheed,Village,Alberta,4807,,256,F,233,F,F,,9.9,118,119,F,-0.8,108,101,F,6.9,2.1,121.8,3713,298
4811803,Louis Bull 138B,Indian reserve,Alberta,4811,,1177,F,1309,F,F,,-10.1,276,253,F,9.1,226,235,F,-3.8,31.55,37.3,1900,186
4811008,Ma-Me-O Beach,Summer village,Alberta,4811,,110,F,113,F,F,,-2.7,259,253,F,2.4,63,63,F,0,0.52,213.3,4277,368
4817095,Mackenzie County,Specialized municipality,Alberta,4817,,11171,F,10927,F,F,,2.2,3567,3123,F,14.2,3088,2900,F,6.5,80458.19,0.1,369,40
4803002,Magrath,Town,Alberta,4803,,2374,F,2217,F,F,,7.1,794,748,F,6.1,757,684,F,10.7,5.99,396.4,1209,139
4810805,Makaoo (Part) 120,Indian reserve,Alberta,4810,,208,F,180,F,F,,15.6,49,48,F,2.1,45,45,F,0,35.98,5.8,3889,318
4817078,Manning,Town,Alberta,4817,,1183,F,1164,F,F,,1.6,544,501,F,8.6,484,461,F,5,4.05,291.9,1896,185
4810034,Mannville,Village,Alberta,4810,,828,F,803,F,F,,3.1,377,382,F,-1.3,341,355,F,-3.9,1.64,504.6,2338,217
4810044,Marwayne,Village,Alberta,4810,,564,F,612,F,F,,-7.8,245,263,F,-6.8,231,232,F,-0.4,1.6,352.5,2816,249
4813002,Mayerthorpe,Town,Alberta,4813,,1320,F,1398,F,F,,-5.6,600,629,F,-4.6,540,589,F,-8.3,4.37,302.2,1781,174
4819042,McLennan,Town,Alberta,4819,,701,F,809,F,F,,-13.3,296,342,F,-13.5,256,291,F,-12,3.71,188.7,2537,236
4801006,Medicine Hat,City,Alberta,4801,805,63260,F,60005,F,F,,5.4,27970,27342,F,2.3,26652,25445,F,4.7,112.04,564.6,87,8
4813045,Mewatha Beach,Summer village,Alberta,4813,,90,F,79,F,F,,13.9,177,191,F,-7.3,48,37,F,29.7,0.8,111.8,4348,378
4802004,Milk River,Town,Alberta,4802,,827,F,811,F,F,,2,420,418,F,0.5,375,357,F,5,2.33,355.2,2342,220
4811011,Millet,Town,Alberta,4811,,1945,F,2092,F,F,,-7,866,869,F,-0.3,822,836,F,-1.7,3.72,522.9,1384,153
4805009,Milo,Village,Alberta,4805,,91,F,122,F,F,,-25.4,64,64,F,0,49,57,F,-14,0.98,93.3,4342,377
4810026,Minburn County No. 27,Municipal district,Alberta,4810,,3188,F,3383,T,F,D,-5.8,1380,1417,T,-2.6,1184,1207,T,-1.9,2913.02,1.1,975,117
4808813,Montana 139,Indian reserve,Alberta,4808,,630,F,653,F,F,,-3.5,143,159,F,-10.1,137,153,F,-10.5,28.1,22.4,2690,245
4811068,Morinville,Town,Alberta,4811,835,9848,F,8569,F,F,,14.9,3611,3261,F,10.7,3491,3078,F,13.4,11.15,882.8,419,47
4805038,Morrin,Village,Alberta,4805,,240,F,245,F,F,,-2,132,129,F,2.3,110,112,F,-1.8,0.67,357.2,3780,305
4806028,Mountain View County,Municipal district,Alberta,4806,,13074,F,12359,F,F,,5.8,5666,5351,F,5.9,5025,4728,F,6.3,3782.64,3.5,318,35
4810061,Mundare,Town,Alberta,4810,,852,F,855,F,F,,-0.4,390,387,F,0.8,359,349,F,2.9,4.21,202.1,2300,214
4805036,Munson,Village,Alberta,4805,,192,F,204,F,F,,-5.9,89,89,F,0,82,81,F,1.2,2.53,75.9,3956,326
4810051,Myrnam,Village,Alberta,4810,,339,F,370,F,F,,-8.4,177,176,F,0.6,140,148,F,-5.4,2.79,121.4,3425,285
4813003,Nakamun Park,Summer village,Alberta,4813,,96,F,36,F,F,,166.7,148,138,F,7.2,45,18,F,150,0.45,214,4323,374
4817039,Nampa,Village,Alberta,4817,,364,F,362,F,F,,0.6,176,169,F,4.1,156,164,F,-4.9,1.71,213.2,3343,278
4803026,Nanton,Town,Alberta,4803,,2130,F,2132,F,F,,-0.1,959,957,F,0.2,922,905,F,1.9,4.87,437.4,1296,143
4802031,Newell County,Municipal district,Alberta,4802,806,7524,F,7138,T,F,D,5.4,2627,2626,T,0,2412,2354,T,2.5,5904.67,1.3,526,64
4802014,Nobleford,Village,Alberta,4802,810,1278,F,1000,F,F,,27.8,427,375,F,13.9,404,334,F,21,1.59,802.6,1814,178
4808013,Norglenwold,Summer village,Alberta,4808,831,273,F,232,F,F,,17.7,211,193,F,9.3,112,93,F,20.4,0.62,443.8,3668,297
4811007,Norris Beach,Summer village,Alberta,4811,,38,F,46,F,F,,-17.4,94,93,F,1.1,19,19,F,0,0.2,191.4,4608,399
4817076,Northern Lights County,Municipal district,Alberta,4817,,4200,F,4117,F,F,,2,1846,1655,F,11.5,1538,1527,F,0.7,20755.37,0.2,802,96
4817026,Northern Sunrise County,Municipal district,Alberta,4817,,1891,F,1791,F,F,,5.6,798,750,F,6.4,712,690,F,3.2,21150.97,0.1,1415,156
4809806,O'Chiese 203,Indian reserve,Alberta,4809,,789,F,751,F,F,,5.1,265,241,F,10,190,195,F,-2.6,140.2,5.6,2403,226
4806012,Okotoks,Town,Alberta,4806,820,28881,F,24511,F,F,,17.8,9840,8704,F,13.1,9667,8423,F,14.8,19.63,1471,155,15
4816849,Old Fort 217,Indian reserve,Alberta,4816,860,0,F,0,F,F,,,0,0,F,,0,0,F,,10.88,0,4870,416
4806034,Olds,Town,Alberta,4806,,9184,F,8235,F,F,,11.5,3942,3702,F,6.5,3698,3400,F,8.8,14.93,615.3,442,50
4813014,Onoway,Town,Alberta,4813,,1029,F,1039,F,F,,-1,374,403,F,-7.2,355,375,F,-5.3,3.32,310.3,2055,195
4817031,Opportunity No. 17,Municipal district,Alberta,4817,,3181,F,3074,F,F,,3.5,1554,1430,F,8.7,1002,974,F,2.9,29142.1,0.1,980,118
4804014,Oyen,Town,Alberta,4804,,1001,F,973,F,F,,2.9,422,418,F,1,400,383,F,4.4,5.28,189.6,2092,198
4807011,Paintearth County No. 18,Municipal district,Alberta,4807,,2102,F,2029,F,F,,3.6,696,653,F,6.6,638,615,F,3.7,3283.36,0.6,1302,144
4810038,Paradise Valley,Village,Alberta,4810,,179,F,174,F,F,,2.9,76,77,F,-1.3,73,68,F,7.4,0.63,285,4003,335
4808042,Parkland Beach,Summer village,Alberta,4808,,153,F,124,F,F,,23.4,213,168,F,26.8,68,52,F,30.8,0.95,160.7,4103,350
4811034,Parkland County,Municipal district,Alberta,4811,835,32097,F,30568,F,F,,5,12910,12150,F,6.3,11615,10931,F,6.3,2390.23,13.4,143,13
4819071,Peace No. 135,Municipal district,Alberta,4819,,1747,F,1446,T,F,C,20.8,639,578,T,10.6,578,540,T,7,847.47,2.1,1483,160
4819038,Peace River,Town,Alberta,4819,,6842,F,6729,T,F,B,1.7,2970,2891,T,2.7,2601,2588,T,0.5,26.26,260.6,572,69
4812013,Pelican Narrows,Summer village,Alberta,4812,,151,F,162,F,F,,-6.8,65,62,F,4.8,54,57,F,-5.3,0.72,208.4,4111,351
4808009,Penhold,Town,Alberta,4808,,3277,F,2375,F,F,,38,1300,925,F,40.5,1235,889,F,38.9,5.29,619.9,953,114
4802018,Picture Butte,Town,Alberta,4802,810,1810,F,1650,F,F,,9.7,706,660,F,7,672,625,F,7.5,2.85,635.1,1450,158
4811802,Pigeon Lake 138A,Indian reserve,Alberta,4811,,429,F,485,F,F,,-11.5,99,113,F,-12.4,94,102,F,-7.8,20.02,21.4,3152,268
4803801,Piikani 147,Indian reserve,Alberta,4803,,1544,F,1217,F,F,,26.9,438,415,F,5.5,400,336,F,19,430.16,3.6,1612,166
4803014,Pincher Creek,Town,Alberta,4803,,3642,F,3685,F,F,,-1.2,1589,1581,F,0.5,1490,1500,F,-0.7,10.09,361.1,893,107
4803011,Pincher Creek No. 9,Municipal district,Alberta,4803,,2965,F,3158,F,F,,-6.1,1640,1550,F,5.8,1119,1151,F,-2.8,3482.05,0.9,1028,125
4811041,Point Alison,Summer village,Alberta,4811,835,10,F,15,F,F,,-33.3,31,31,F,0,6,8,F,-25,0.16,62.7,4749,410
4808039,Ponoka,Town,Alberta,4808,,7229,F,6778,T,F,D,6.7,3301,3050,T,8.2,3010,2788,T,8,17.33,417.1,541,66
4808038,Ponoka County,Municipal district,Alberta,4808,,9806,F,8856,F,F,,10.7,4199,3669,F,14.4,3535,3172,F,11.4,2814.26,3.5,422,48
4811005,Poplar Bay,Summer village,Alberta,4811,,103,F,80,F,F,,28.8,179,184,F,-2.7,46,42,F,9.5,0.67,154,4301,372
4807002,Provost,Town,Alberta,4807,,1998,F,2041,F,F,,-2.1,843,839,F,0.5,779,777,F,0.3,4.72,423,1347,150
4807001,Provost No. 52,Municipal district,Alberta,4807,,2205,F,2288,F,F,,-3.6,930,941,F,-1.2,825,838,F,-1.6,3628.39,0.6,1266,142
4812804,Puskiakiwenin 122,Indian reserve,Alberta,4812,,531,F,484,F,F,,9.7,129,109,F,18.3,120,96,F,25,100.24,5.3,2894,255
4817097,Rainbow Lake,Town,Alberta,4817,,795,F,870,F,F,,-8.6,475,424,F,12,303,305,F,-0.7,10.76,73.9,2391,225
4815045,Ranchland No. 66,Municipal district,Alberta,4815,,92,F,79,F,F,,16.5,57,45,F,26.7,38,31,F,22.6,2638.7,0,4339,376
4802008,Raymond,Town,Alberta,4802,,3708,F,3743,F,F,,-0.9,1259,1235,F,1.9,1134,1165,F,-2.7,6.66,557.1,880,106
4808011,Red Deer,City,Alberta,4808,830,100418,F,90564,F,F,,10.9,42285,38789,F,9,39982,36346,F,10,104.73,958.8,54,3
4808001,Red Deer County,Municipal district,Alberta,4808,,19541,F,18316,T,F,D,6.7,8440,7687,T,9.8,7097,6627,T,7.1,3961.85,4.9,223,23
4801018,Redcliff,Town,Alberta,4801,805,5600,F,5588,F,F,,0.2,2232,2195,F,1.7,2159,2083,F,3.6,16.25,344.6,662,81
4811065,Redwater,Town,Alberta,4811,835,2053,F,1915,F,F,,7.2,946,844,F,12.1,862,776,F,11.1,20.03,102.5,1326,147
4808044,Rimbey,Town,Alberta,4808,,2567,F,2378,F,F,,7.9,1160,1081,F,7.3,1077,983,F,9.6,11.4,225.1,1138,133
4807028,Rochon Sands,Summer village,Alberta,4807,,86,F,65,T,F,C,32.3,152,156,T,-2.6,47,35,T,34.3,2.16,39.9,4380,379
4809015,Rocky Mountain House,Town,Alberta,4809,,6635,F,6933,F,F,,-4.3,2954,2800,F,5.5,2599,2651,F,-2,12.71,521.8,587,71
4806014,Rocky View County,Municipal district,Alberta,4806,825,39407,F,35754,T,F,D,10.2,13620,12577,T,8.3,13042,11850,T,10.1,3836.33,10.3,121,11
4805022,Rockyford,Village,Alberta,4805,,316,F,325,F,F,,-2.8,151,149,F,1.3,144,137,F,5.1,1.08,291.8,3505,289
4810003,Rosalind,Village,Alberta,4810,,188,F,190,F,F,,-1.1,95,92,F,3.3,87,77,F,13,0.62,303.1,3974,330
4802038,Rosemary,Village,Alberta,4802,806,396,F,342,F,F,,15.8,150,150,F,0,146,132,F,10.6,0.59,665.7,3241,275
4813008,Ross Haven,Summer village,Alberta,4813,,160,F,137,F,F,,16.8,215,216,F,-0.5,64,61,F,4.9,0.71,225.9,4068,342
4819056,Rycroft,Village,Alberta,4819,,612,F,628,F,F,,-2.5,316,310,F,1.9,274,280,F,-2.1,1.92,319,2723,246
4810019,Ryley,Village,Alberta,4810,,483,F,497,F,F,,-2.8,235,241,F,-2.5,208,215,F,-3.3,2.61,185.3,3004,262
4819059,Saddle Hills County,Municipal district,Alberta,4819,,2225,F,2288,F,F,,-2.8,978,973,F,0.5,838,878,F,-4.6,5838.15,0.4,1257,141
4812806,Saddle Lake 125,Indian reserve,Alberta,4812,,,T,,F,T,,,,,F,,,,F,,277.31,,,
4808811,Samson 137,Indian reserve,Alberta,4808,,3373,F,3746,F,F,,-10,878,927,F,-5.3,785,841,F,-6.7,128.14,26.3,943,112
4808812,Samson 137A,Indian reserve,Alberta,4808,,26,F,38,F,F,,-31.6,6,10,F,-40,6,10,F,-40,1.34,19.4,4665,405
4813016,Sandy Beach,Summer village,Alberta,4813,,278,F,223,F,F,,24.7,264,277,F,-4.7,126,106,F,18.9,2.4,115.9,3645,295
4817832,Sawridge 150G,Indian reserve,Alberta,4817,,20,F,48,F,F,,-58.3,31,28,F,10.7,8,24,F,-66.7,10.01,2,4694,407
4817833,Sawridge 150H,Indian reserve,Alberta,4817,,10,F,20,F,F,,-50,4,4,F,0,2,4,F,-50,13.44,0.7,4749,410
4811038,Seba Beach,Summer village,Alberta,4811,835,169,F,143,F,F,,18.2,323,338,F,-4.4,82,66,F,24.2,0.86,195.5,4040,337
4807044,Sedgewick,Town,Alberta,4807,,811,F,857,F,F,,-5.4,401,413,F,-2.9,366,381,F,-3.9,2.72,297.8,2371,224
4819014,Sexsmith,Town,Alberta,4819,,2620,F,2418,F,F,,8.4,937,848,F,10.5,873,807,F,8.2,13.24,197.9,1122,132
4805802,Siksika 146,Indian reserve,Alberta,4805,,3479,F,2972,F,F,,17.1,1131,1199,F,-5.7,947,811,F,16.8,701.96,5,918,111
4811009,Silver Beach,Summer village,Alberta,4811,,65,F,52,F,F,,25,100,93,F,7.5,31,31,F,0,0.64,101,4479,386
4813010,Silver Sands,Summer village,Alberta,4813,,160,F,85,F,F,,88.2,165,57,F,189.5,79,42,F,88.1,2.41,66.3,4068,342
4817029,Slave Lake,Town,Alberta,4817,,6651,F,6782,F,F,,-1.9,2762,2554,F,8.1,2329,2294,F,1.5,14.44,460.5,584,70
4812029,Smoky Lake,Town,Alberta,4812,,964,F,1022,F,F,,-5.7,499,478,F,4.4,421,430,F,-2.1,4.26,226.2,2144,204
4812022,Smoky Lake County,Municipal district,Alberta,4812,,4107,F,3910,F,F,,5,2248,1920,F,17.1,1556,1481,F,5.1,3412.92,1.2,815,97
4819041,Smoky River No. 130,Municipal district,Alberta,4819,,2023,F,2126,F,F,,-4.8,891,819,F,8.8,720,740,F,-2.7,2840.14,0.7,1339,149
4813055,South Baptiste,Summer village,Alberta,4813,,66,F,52,F,F,,26.9,77,74,F,4.1,30,26,F,15.4,0.93,70.9,4475,385
4813015,South View,Summer village,Alberta,4813,,67,F,35,F,F,,91.4,88,20,F,340,30,16,F,87.5,0.41,164.9,4470,384
4804004,Special Area No. 2,Special area,Alberta,4804,,1905,F,2025,F,F,,-5.9,750,745,F,0.7,648,698,F,-7.2,9347.57,0.2,1406,155
4804012,Special Area No. 3,Special area,Alberta,4804,,1042,F,1122,F,F,,-7.1,457,455,F,0.4,387,413,F,-6.3,6625.58,0.2,2041,194
4804020,Special Area No. 4,Special area,Alberta,4804,,1237,F,1352,F,F,,-8.5,471,501,F,-6,429,447,F,-4,4402.64,0.3,1843,180
4819058,Spirit River,Town,Alberta,4819,,995,F,1025,F,F,,-2.9,487,471,F,3.4,442,425,F,4,3.14,317.3,2097,199
4819054,Spirit River No. 133,Municipal district,Alberta,4819,,700,F,713,F,F,,-1.8,306,300,F,2,274,284,F,-3.5,683.6,1,2540,237
4811046,Spring Lake,Village,Alberta,4811,835,699,F,533,F,F,,31.1,303,238,F,27.3,261,208,F,25.5,2.33,300.5,2545,238
4811049,Spruce Grove,City,Alberta,4811,835,34066,F,26171,F,F,,30.2,13109,10105,F,29.7,12552,9619,F,30.5,32.2,1057.9,134,12
4811062,St. Albert,City,Alberta,4811,835,65589,F,61466,F,F,,6.7,24446,22990,F,6.3,23954,22513,F,6.4,48.45,1353.9,85,7
4812018,St. Paul,Town,Alberta,4812,,5827,F,5405,T,F,D,7.8,2378,2340,T,1.6,2248,2171,T,3.5,8.64,674.2,647,78
4812014,St. Paul County No. 19,Municipal district,Alberta,4812,,6036,F,5826,T,F,D,3.6,3562,2606,T,36.7,2334,2205,T,5.9,3309.44,1.8,626,75
4805021,Standard,Village,Alberta,4805,,353,F,379,F,F,,-6.9,150,158,F,-5.1,148,145,F,2.1,2.35,150.1,3376,279
4805031,Starland County,Municipal district,Alberta,4805,,2066,F,2057,F,F,,0.4,693,664,F,4.4,611,586,F,4.3,2559.95,0.8,1320,146
4803024,Stavely,Town,Alberta,4803,,541,F,505,F,F,,7.1,290,278,F,4.3,265,247,F,7.3,1.83,296.2,2869,252
4807026,Stettler,Town,Alberta,4807,,5952,F,5748,F,F,,3.5,2607,2536,F,2.8,2415,2350,F,2.8,13.14,453,632,76
4807019,Stettler County No. 6,Municipal district,Alberta,4807,,5322,F,5103,T,F,B,4.3,2137,1967,T,8.6,1850,1752,T,5.6,4018.84,1.3,685,85
4802009,Stirling,Village,Alberta,4802,,978,F,1090,F,F,,-10.3,375,352,F,6.5,308,327,F,-5.8,2.71,360.4,2123,202
4815802,"Stoney 142, 143, 144",Indian reserve,Alberta,4815,,3713,F,3494,F,F,,6.3,855,795,F,7.5,735,725,F,1.4,445.72,8.3,879,105
4811048,Stony Plain,Town,Alberta,4811,835,17189,F,15051,F,F,,14.2,6954,6204,F,12.1,6641,5820,F,14.1,35.72,481.2,249,26
4811804,Stony Plain 135,Indian reserve,Alberta,4811,835,1690,F,987,F,F,,71.2,576,378,F,52.4,465,225,F,106.7,51.55,32.8,1509,161
4811052,Strathcona County,Specialized municipality,Alberta,4811,835,98044,F,92490,F,F,,6,36354,34136,F,6.5,35567,33129,F,7.4,1182.78,82.9,55,4
4805018,Strathmore,Town,Alberta,4805,826,13756,F,12305,F,F,,11.8,5358,4930,F,8.7,5148,4577,F,12.5,27.4,502,300,32
4811059,Sturgeon County,Municipal district,Alberta,4811,835,20495,F,19578,F,F,,4.7,7337,6915,F,6.1,6870,6546,F,4.9,2090.13,9.8,207,20
4818816,Sturgeon Lake 154,Indian reserve,Alberta,4818,,1447,F,1162,F,F,,24.5,455,343,F,32.7,420,325,F,29.2,150.9,9.6,1682,170
4818818,Sturgeon Lake 154A,Indian reserve,Alberta,4818,,53,F,24,F,F,,120.8,16,8,F,100,15,8,F,87.5,8.92,5.9,4532,388
4817829,Sucker Creek 150A,Indian reserve,Alberta,4817,,689,F,677,F,F,,1.8,274,255,F,7.5,235,231,F,1.7,66.99,10.3,2564,239
4808027,Sunbreaker Cove,Summer village,Alberta,4808,,81,F,69,F,F,,17.4,240,209,F,14.8,41,32,F,28.1,0.5,160.8,4410,382
4809809,Sunchild 202,Indian reserve,Alberta,4809,,749,F,677,F,F,,10.6,187,209,F,-10.5,168,171,F,-1.8,53.51,14,2454,229
4811020,Sundance Beach,Summer village,Alberta,4811,835,73,F,82,F,F,,-11,148,128,F,15.6,31,35,F,-11.4,0.44,165.8,4442,383
4806036,Sundre,Town,Alberta,4806,,2729,F,2610,F,F,,4.6,1256,1738,F,-27.7,1188,1144,F,3.8,11.11,245.6,1093,128
4813017,Sunrise Beach,Summer village,Alberta,4813,,135,F,149,F,F,,-9.4,139,151,F,-7.9,69,76,F,-9.2,1.66,81.4,4176,358
4813047,Sunset Beach,Summer village,Alberta,4813,,49,F,44,F,F,,11.4,99,108,F,-8.3,25,25,F,0,0.74,65.9,4557,391
4813011,Sunset Point,Summer village,Alberta,4813,,169,F,221,F,F,,-23.5,337,244,F,38.1,74,93,F,-20.4,1.15,147.1,4040,337
4817024,Swan Hills,Town,Alberta,4817,,1301,F,1465,F,F,,-11.2,724,718,F,0.8,535,576,F,-7.1,26.12,49.8,1796,177
4817831,Swan River 150E,Indian reserve,Alberta,4817,,413,F,312,F,F,,32.4,123,102,F,20.6,116,100,F,16,42.7,9.7,3196,273
4808012,Sylvan Lake,Town,Alberta,4808,831,14816,F,12362,T,F,D,19.9,6567,5611,T,17,5616,4618,T,21.6,23.36,634.2,280,28
4802021,Taber,Municipal district,Alberta,4802,,7098,F,6851,F,F,,3.6,2081,2022,F,2.9,1857,1834,F,1.3,4201.65,1.7,556,68
4802022,Taber,Town,Alberta,4802,,8428,F,8104,F,F,,4,3384,3279,F,3.2,3159,3086,F,2.4,15.67,537.9,469,53
4817838,Tall Cree 173,Indian reserve,Alberta,4817,,250,F,202,F,F,,23.8,53,57,F,-7,51,41,F,24.4,38.71,6.5,3732,301
4817840,Tall Cree 173A,Indian reserve,Alberta,4817,,224,F,163,F,F,,37.4,58,53,F,9.4,55,42,F,31,53.69,4.2,3832,308
4816861,Thabacha N·re 196A,Indian reserve,Alberta,4816,860,28,F,0,F,F,,,16,0,F,,8,0,F,,2.46,11.4,4655,403
4816860,Thebathi 196,Indian reserve,Alberta,4816,,20,F,30,F,F,,-33.3,19,12,F,58.3,7,9,F,-22.2,60.73,0.3,4694,407
4813036,Thorhild County,Municipal district,Alberta,4813,,3254,F,3417,F,F,,-4.8,1836,1807,F,1.6,1401,1458,F,-3.9,2001.74,1.6,957,115
4811021,Thorsby,Village,Alberta,4811,835,985,F,951,T,F,C,3.6,428,436,T,-1.8,394,394,T,0,3.85,255.8,2108,201
4805048,Three Hills,Town,Alberta,4805,,3212,F,3198,F,F,,0.4,1306,1257,F,3.9,1232,1178,F,4.6,6.75,475.7,972,116
4810018,Tofield,Town,Alberta,4810,,2081,F,2182,F,F,,-4.6,864,878,F,-1.6,814,844,F,-3.6,8.21,253.4,1313,145
4805049,Trochu,Town,Alberta,4805,,1058,F,1072,F,F,,-1.3,472,429,F,10,421,414,F,1.7,2.78,381.1,2020,192
4806804,Tsuu T'ina Nation 145 (Sarcee 145),Indian reserve,Alberta,4806,825,1643,F,2052,F,F,A,-19.9,742,655,F,13.3,491,630,F,-22.1,282.92,5.8,1537,162
4806009,Turner Valley,Town,Alberta,4806,,2559,F,2167,F,F,,18.1,1066,934,F,14.1,1019,888,F,14.8,5.79,442.1,1143,135
4810052,Two Hills,Town,Alberta,4810,,1352,F,1379,F,F,,-2,478,522,F,-8.4,399,472,F,-15.5,3.38,400,1747,171
4810048,Two Hills County No. 21,Municipal district,Alberta,4810,,3322,F,3160,F,F,,5.1,1499,1222,F,22.7,1105,1058,F,4.4,2637.18,1.3,948,113
4812802,Unipouheos 121,Indian reserve,Alberta,4812,,909,F,813,F,F,,11.8,232,200,F,16,205,173,F,18.5,88.3,10.3,2218,210
4817849,Upper Hay River 212,Indian reserve,Alberta,4817,,294,F,292,F,F,,0.7,115,111,F,3.6,98,97,F,1,14.07,20.9,3588,293
4817824,Utikoomak Lake 155,Indian reserve,Alberta,4817,,723,F,644,F,F,,12.3,193,188,F,2.7,158,133,F,18.8,64.56,11.2,2502,233
4817827,Utikoomak Lake 155A,Indian reserve,Alberta,4817,,127,F,121,F,F,,5,34,35,F,-2.9,29,29,F,0,7.21,17.6,4211,361
4813005,Val Quentin,Summer village,Alberta,4813,,252,F,157,F,F,,60.5,224,179,F,25.1,128,77,F,66.2,0.31,814,3725,300
4818018,Valleyview,Town,Alberta,4818,,1863,F,1761,F,F,,5.8,833,786,F,6,747,737,F,1.4,9.32,199.9,1427,157
4802029,Vauxhall,Town,Alberta,4802,,1222,F,1288,F,F,,-5.1,458,458,F,0,413,429,F,-3.7,2.72,449.4,1856,181
4810028,Vegreville,Town,Alberta,4810,,5708,F,5717,F,F,,-0.2,2734,2680,F,2,2429,2429,F,0,14.08,405.4,653,79
4810042,Vermilion,Town,Alberta,4810,,4084,F,3930,F,F,,3.9,1988,1845,F,7.8,1753,1651,F,6.2,12.93,315.8,817,98
4810036,Vermilion River County,Municipal district,Alberta,4810,,8267,F,7905,F,F,,4.6,3268,3008,F,8.6,2981,2801,F,6.4,5519.75,1.5,478,56
4804021,Veteran,Village,Alberta,4804,,207,F,249,F,F,,-16.9,112,119,F,-5.9,102,104,F,-1.9,0.84,246.9,3893,319
4810022,Viking,Town,Alberta,4810,,1083,F,1041,F,F,,4,505,473,F,6.8,460,445,F,3.4,3.7,292.5,1994,190
4812024,Vilna,Village,Alberta,4812,,290,F,249,F,F,,16.5,143,135,F,5.9,114,111,F,2.7,0.96,300.8,3603,294
4805006,Vulcan,Town,Alberta,4805,,1917,F,1836,F,F,,4.4,879,865,F,1.6,829,768,F,7.9,6.34,302.3,1402,154
4805001,Vulcan County,Municipal district,Alberta,4805,,3984,F,3875,F,F,,2.8,1616,1433,F,12.8,1180,1104,F,6.9,5433.43,0.7,836,100
4811045,Wabamun,Village,Alberta,4811,835,682,F,661,F,F,,3.2,290,295,F,-1.7,270,265,F,1.9,3.58,190.5,2578,240
4811806,Wabamun 133A,Indian reserve,Alberta,4811,835,1592,F,1069,F,F,,48.9,369,226,F,63.3,345,204,F,69.1,62.19,25.6,1584,164
4811807,Wabamun 133B,Indian reserve,Alberta,4811,835,30,F,17,F,F,,76.5,5,5,F,0,5,5,F,0,1.96,15.3,4637,401
4817818,Wabasca 166,Indian reserve,Alberta,4817,,160,F,152,F,F,,5.3,49,50,F,-2,42,36,F,16.7,84.96,1.9,4068,342
4817819,Wabasca 166A,Indian reserve,Alberta,4817,,658,F,738,F,F,,-10.8,213,199,F,7,183,174,F,5.2,6.33,103.9,2626,242
4817821,Wabasca 166B,Indian reserve,Alberta,4817,,190,F,250,F,F,,-24,52,53,F,-1.9,43,49,F,-12.2,25.52,7.4,3966,328
4817822,Wabasca 166C,Indian reserve,Alberta,4817,,188,F,182,F,F,,3.3,58,57,F,1.8,47,50,F,-6,35.24,5.3,3974,330
4817823,Wabasca 166D,Indian reserve,Alberta,4817,,961,F,885,F,F,,8.6,273,280,F,-2.5,248,241,F,2.9,58.8,16.3,2149,205
4807054,Wainwright,Town,Alberta,4807,,6270,F,5925,F,F,,5.8,2770,2577,F,7.5,2524,2384,F,5.9,9.1,688.7,610,74
4807049,Wainwright No. 61,Municipal district,Alberta,4807,,4479,F,4138,F,F,,8.2,1768,1419,F,24.6,1459,1229,F,18.7,4156.56,1.1,773,95
4815030,Waiparous,Summer village,Alberta,4815,,49,F,42,F,F,,16.7,48,43,F,11.6,23,21,F,9.5,0.41,118.6,4557,391
4811024,Warburg,Village,Alberta,4811,835,766,F,789,F,F,,-2.9,335,337,F,-0.6,302,308,F,-1.9,2.68,285.9,2426,227
4802006,Warner,Village,Alberta,4802,,373,F,331,F,F,,12.7,196,190,F,3.2,172,161,F,6.8,1.16,321.6,3308,277
4802001,Warner County No. 5,Municipal district,Alberta,4802,,3847,F,3841,F,F,,0.2,941,956,F,-1.6,816,820,F,-0.5,4531.55,0.8,856,102
4812026,Waskatenau,Village,Alberta,4812,,186,F,255,F,F,,-27.1,129,140,F,-7.9,99,115,F,-13.9,0.6,311.9,3985,332
4819011,Wembley,Town,Alberta,4819,,1516,F,1383,F,F,,9.6,618,542,F,14,565,514,F,9.9,4.75,318.9,1628,168
4813057,West Baptiste,Summer village,Alberta,4813,,38,F,52,F,F,,-26.9,47,85,F,-44.7,19,28,F,-32.1,0.65,58.5,4608,399
4813006,West Cove,Summer village,Alberta,4813,,149,F,121,F,F,,23.1,214,161,F,32.9,78,55,F,41.8,1.33,112.3,4119,355
4813031,Westlock,Town,Alberta,4813,,5101,F,4823,F,F,,5.8,2333,2212,F,5.5,2142,2038,F,5.1,13.37,381.4,706,88
4813028,Westlock County,Municipal district,Alberta,4813,,7220,F,7644,F,F,,-5.5,3009,2925,F,2.9,2670,2696,F,-1,3171.83,2.3,542,67
4811002,Wetaskiwin,City,Alberta,4811,865,12655,F,12525,F,F,,1,5563,5477,F,1.6,5121,5131,F,-0.2,18.31,691.1,332,37
4811001,Wetaskiwin County No. 10,Municipal district,Alberta,4811,,11181,F,10866,F,F,,2.9,5556,5025,F,10.6,4372,4155,F,5.2,3132.06,3.6,368,39
4805012,Wheatland County,Municipal district,Alberta,4805,,8788,F,8285,F,F,,6.1,3117,2941,F,6,2836,2659,F,6.7,4545.92,1.9,454,51
4813061,Whispering Hills,Summer village,Alberta,4813,,142,F,108,F,F,,31.5,136,136,F,0,62,43,F,44.2,1.68,84.6,4145,356
4812808,White Fish Lake 128,Indian reserve,Alberta,4812,,1310,F,1188,F,F,,10.3,319,318,F,0.3,291,291,F,0,50.93,25.7,1785,175
4807027,White Sands,Summer village,Alberta,4807,,120,F,91,F,F,,31.9,253,217,F,16.6,59,44,F,34.1,1.58,76.2,4235,363
4813030,Whitecourt,Town,Alberta,4813,,10204,F,9605,F,F,,6.2,4253,3893,F,9.2,3743,3629,F,3.1,26.44,386,409,45
4810056,Willingdon,Village,Alberta,4810,,319,F,275,F,F,,16,160,166,F,-3.6,130,131,F,-0.8,0.92,345,3491,287
4803018,Willow Creek No. 26,Municipal district,Alberta,4803,,5179,F,5107,F,F,,1.4,1863,1747,F,6.6,1671,1602,F,4.3,4558.14,1.1,698,87
4816037,Wood Buffalo,Specialized municipality,Alberta,4816,860,71589,F,65565,F,F,,9.2,30713,27999,T,9.7,25659,23076,T,11.2,61777.65,1.2,80,6
4817856,Woodland Cree 226,Indian reserve,Alberta,4817,,723,F,706,F,F,,2.4,211,185,F,14.1,188,167,F,12.6,123.08,5.9,2502,233
4817857,Woodland Cree 228,Indian reserve,Alberta,4817,,150,F,143,F,F,,4.9,36,32,F,12.5,33,32,F,3.1,38.05,3.9,4114,353
4813029,Woodlands County,Municipal district,Alberta,4813,,4754,F,4306,F,F,,10.4,1950,1753,F,11.2,1812,1602,F,13.1,7669.13,0.6,742,90
4814003,Yellowhead County,Municipal district,Alberta,4814,,10995,F,10469,F,F,,5,5048,4708,F,7.2,4309,4083,F,5.5,22293.16,0.5,374,41
4813007,Yellowstone,Summer village,Alberta,4813,,137,F,124,F,F,,10.5,145,143,F,1.4,63,55,F,14.5,0.28,482.1,4167,357
4804019,Youngstown,Village,Alberta,4804,,154,F,178,F,F,,-13.5,88,101,F,-12.9,68,82,F,-17.1,1.11,139.3,4094,347