Geo_name,Geo_type,Pop_2016,Pop_2011,Pop_percent_change,Total private dwellings 2016,Total private dwellings 2011,2011 adjusted total private dwellings flag,Total private dwellings_percent_change,Land area in square kilometres_2016,Population density per square kilometre_2016
Acadia No. 34,Municipal district,493,495,-0.4,184,161,F,14.3,1082.6,0.5
Acme,Village,653,653,0,301,295,F,2,2.48,263
Airdrie,City,61581,43271,42.3,22398,15871,T,41.1,84.57,728.2
Alberta Beach,Village,1018,865,17.7,743,747,F,-0.5,2.01,507.1
Alexander 134,Indian reserve,1099,1027,7,349,282,F,23.8,68.39,16.1
Alexis 133,Indian reserve,755,817,-7.6,209,204,F,2.5,57.36,13.2
Alix,Village,734,830,-11.6,385,388,F,-0.8,3.13,234.4
Alliance,Village,154,174,-11.5,107,103,F,3.9,0.51,299.3
Allison Bay 219,Indian reserve,127,84,51.2,46,37,F,24.3,19.23,6.6
Amisk,Village,204,207,-1.4,103,95,F,8.4,0.76,268.3
Andrew,Village,425,379,12.1,266,254,F,4.7,1.17,363.4
Argentia Beach,Summer village,27,15,80,100,115,F,-13,0.73,37.1
Arrowwood,Village,207,188,10.1,79,74,F,6.8,0.75,276.1
Athabasca,Town,2965,2990,-0.8,1313,1283,F,2.3,17.65,168
Athabasca County,Municipal district,7869,7662,2.7,4093,3835,F,6.7,6124.43,1.3
Banff,Town,7851,7584,3.5,2729,2850,F,-4.2,4.77,1646
Barnwell,Village,947,771,22.8,266,217,F,22.6,1.51,625.6
Barons,Village,341,315,8.3,148,139,F,6.5,0.81,419.5
Barrhead,Town,4579,4432,3.3,2009,1932,F,4,8.17,560.4
Barrhead County No. 11,Municipal district,6288,6096,3.1,2830,2718,F,4.1,2406.25,2.6
Bashaw,Town,830,873,-4.9,418,431,F,-3,2.99,277.8
Bassano,Town,1206,1282,-5.9,556,585,F,-5,5.22,231.2
Bawlf,Village,422,403,4.7,175,171,F,2.3,0.89,473.3
Beaumont,Town,17396,13284,31,5980,4566,F,31,10.47,1661.1
Beaver County,Municipal district,5905,5689,3.8,2381,2324,F,2.5,3317.57,1.8
Beaver Lake 131,Indian reserve,414,423,-2.1,115,114,F,0.9,57.19,7.2
Beaver Ranch 163,Indian reserve,10,16,-37.5,7,8,F,-12.5,9.22,1.1
Beaverlodge,Town,2465,2365,4.2,1024,981,F,4.4,5.73,430.5
Beiseker,Village,819,785,4.3,338,338,F,0,2.85,287.1
Bentley,Town,1078,1073,0.5,463,469,F,-1.3,2.24,482.2
Berwyn,Village,538,526,2.3,255,252,F,1.2,1.58,341.2
Betula Beach,Summer village,16,10,60,40,40,F,0,0.25,65
Big Horn 144A,Indian reserve,237,134,76.9,59,45,F,31.1,22.28,10.6
Big Lakes County,Municipal district,5672,5912,-4.1,2728,2710,F,0.7,13942.43,0.4
Big Valley,Village,346,364,-4.9,189,187,F,1.1,1.86,186.4
Bighorn No. 8,Municipal district,1334,1341,-0.5,766,797,F,-3.9,2761.18,0.5
Birch Cove,Summer village,45,45,0,74,60,F,23.3,0.3,148.7
Birch Hills County,Municipal district,1553,1582,-1.8,616,596,F,3.4,2859.6,0.5
Birchcliff,Summer village,117,112,4.5,98,79,F,24.1,1.03,113.4
Bittern Lake,Village,220,224,-1.8,88,85,F,3.5,6.57,33.5
Black Diamond,Town,2700,2373,13.8,1108,1001,F,10.7,3.84,702.7
Blackfalds,Town,9328,6300,48.1,3552,2458,F,44.5,16.44,567.3
Blood 148,Indian reserve,4570,4679,-2.3,1436,1179,F,21.8,1414.31,3.2
Blood 148A,Indian reserve,0,0,,0,0,F,,18.43,0
Bon Accord,Town,1529,1488,2.8,578,569,F,1.6,2.13,718.7
Bondiss,Summer village,110,106,3.8,195,157,F,24.2,1.23,89.3
Bonnyville,Town,5417,6216,-12.9,2499,2482,F,0.7,14.18,382
Bonnyville Beach,Summer village,84,95,-11.6,70,40,F,75,0.17,497.3
Bonnyville No. 87,Municipal district,13575,11191,21.3,5667,4349,F,30.3,6064.73,2.2
Botha,Village,204,175,16.6,81,74,F,9.5,1.1,186
Bow Island,Town,1983,2025,-2.1,682,670,F,1.8,5.81,341.6
Bowden,Town,1240,1241,-0.1,581,545,F,6.6,2.8,442.8
Boyer 164,Indian reserve,218,213,2.3,67,70,F,-4.3,41.57,5.2
Boyle,Village,845,916,-7.8,464,479,F,-3.1,7.13,118.5
Brazeau County,Municipal district,7771,7132,9,3194,2822,T,13.2,3005.35,2.6
Breton,Village,574,496,15.7,292,218,F,33.9,1.72,333.5
Brooks,City,14451,13676,5.7,5412,5509,F,-1.8,18.59,777.3
Bruderheim,Town,1308,1155,13.2,622,487,T,27.7,7.12,183.8
Burnstick Lake,Summer village,0,16,-100,0,34,F,-100,0.18,0
Bushe River 207,Indian reserve,503,492,2.2,142,140,F,1.4,114.72,4.4
Calgary,City,1239220,1096833,13,489650,445848,F,9.8,825.56,1501.1
Calmar,Town,2228,1970,13.1,861,798,F,7.9,4.68,476.2
Camrose,City,18742,17286,8.4,8520,7945,F,7.2,42.62,439.8
Camrose County,Municipal district,8458,8004,5.7,3492,3301,T,5.8,3324.21,2.5
Canmore,Town,13992,12288,13.9,7963,7973,F,-0.1,69.43,201.5
Carbon,Village,454,592,-23.3,222,226,F,-1.8,1.99,227.7
Carcajou 187,Indian Settlement,0,0,,0,0,F,,0.42,0
Cardston,Town,3585,3580,0.1,1270,1322,F,-3.9,8.59,417.5
Cardston County,Municipal district,4481,4167,7.5,1260,1171,F,7.6,3429.82,1.3
Carmangay,Village,242,367,-34.1,135,143,F,-5.6,1.86,129.8
Caroline,Village,512,501,2.2,259,248,F,4.4,2.04,250.4
Carstairs,Town,4077,3442,18.4,1590,1397,F,13.8,11.92,342.1
Castle Island,Summer village,10,19,-47.4,19,20,F,-5,0.05,190.5
Castor,Town,929,932,-0.3,448,456,F,-1.8,2.63,352.6
Cereal,Village,111,134,-17.2,63,79,F,-20.3,0.79,140.9
Champion,Village,317,378,-16.1,185,177,F,4.5,0.89,356.5
Chauvin,Village,335,334,0.3,156,151,F,3.3,2.24,149.2
Chestermere,City,19887,14824,34.2,6250,4858,F,28.7,32.94,603.8
Child Lake 164A,Indian reserve,216,188,14.9,62,59,F,5.1,27.41,7.9
Chipewyan 201A,Indian reserve,0,5,-100,0,1,F,-100,0.3,0
Chipman,Village,274,284,-3.5,145,144,F,0.7,9.61,28.5
Claresholm,Town,3780,3758,0.6,1742,1756,F,-0.8,8.11,465.9
Clear Hills,Municipal district,3023,2801,7.9,1062,938,F,13.2,15125.49,0.2
Clear Hills 152C,Indian reserve,0,0,,5,3,F,66.7,14.39,0
Clearwater County,Municipal district,11947,12278,-2.7,5486,5358,F,2.4,18682.45,0.6
Clive,Village,715,675,5.9,306,299,F,2.3,2.17,328.8
Clyde,Village,430,503,-14.5,198,211,F,-6.2,1.31,327.7
Coaldale,Town,8215,7493,9.6,3070,2844,F,7.9,7.99,1028.5
Coalhurst,Town,2668,1978,34.9,970,790,T,22.8,3.11,857.5
Cochrane,Town,25853,17580,47.1,10225,6824,F,49.8,29.83,866.7
Cold Lake,City,14961,13839,8.1,6657,5626,F,18.3,59.92,249.7
Cold Lake 149,Indian reserve,671,594,13,222,199,F,11.6,140.69,4.8
Cold Lake 149A,Indian reserve,40,45,-11.1,19,18,F,5.6,0.69,57.6
Cold Lake 149B,Indian reserve,163,149,9.4,53,44,F,20.5,42.17,3.9
Consort,Village,729,689,5.8,310,305,F,1.6,3.05,238.8
Coronation,Town,940,947,-0.7,442,455,F,-2.9,3.62,259.9
Coutts,Village,245,277,-11.6,159,154,F,3.2,1.24,197.2
Cowley,Village,209,236,-11.4,113,113,F,0,1.37,152.9
Cremona,Village,444,457,-2.8,204,213,F,-4.2,1.94,228.6
Crossfield,Town,2983,2853,4.6,1168,1090,F,7.2,11.96,249.3
Crowsnest Pass,Specialized municipality,5589,5565,0.4,3225,3234,F,-0.3,371.44,15
Crystal Springs,Summer village,51,90,-43.3,108,146,F,-26,0.57,88.9
Cypress County,Municipal district,7662,7214,6.2,3222,3040,F,6,13173.25,0.6
Czar,Village,202,167,21,87,92,F,-5.4,1.12,180.1
Daysland,Town,824,807,2.1,356,352,F,1.1,1.75,471.1
Delburne,Village,892,830,7.5,394,373,F,5.6,3.98,224
Delia,Village,216,186,16.1,115,112,F,2.7,1.33,162.5
Desmarais,Indian Settlement,105,129,-18.6,91,72,F,26.4,1.45,72.4
Devon,Town,6578,6515,1,2493,2472,T,0.8,14.3,460.2
Dewberry,Village,186,201,-7.5,104,106,F,-1.9,0.82,226.3
Didsbury,Town,5268,4957,6.3,2119,1987,F,6.6,16.37,321.7
Dog Head 218,Indian reserve,99,111,-10.8,49,49,T,0,0.59,166.9
Donalda,Village,219,259,-15.4,131,140,F,-6.4,0.99,221
Donnelly,Village,342,305,12.1,170,166,F,2.4,1.31,262
Drayton Valley,Town,7235,7118,1.6,3116,2929,T,6.4,30.72,235.5
Drift Pile River 150,Indian reserve,828,800,3.5,277,270,F,2.6,66.23,12.5
Drumheller,Town,7982,8029,-0.6,3471,3418,F,1.6,108.03,73.9
Duchess,Village,1085,992,9.4,390,376,F,3.7,1.96,553.4
Duncan's 151A,Indian reserve,150,164,-8.5,56,55,F,1.8,23.45,6.4
Eckville,Town,1125,1125,0,465,485,F,-4.1,1.6,703.3
Edberg,Village,151,168,-10.1,65,70,F,-7.1,0.35,426.9
Eden Valley 216,Indian reserve,596,587,1.5,113,116,F,-2.6,17.65,33.8
Edgerton,Village,384,317,21.1,192,166,F,15.7,2.04,188
Edmonton,City,932546,812201,14.8,387950,348672,F,11.3,685.25,1360.9
Edson,Town,8414,8475,-0.7,3762,3701,F,1.6,29.72,283.1
Elk Point,Town,1452,1412,2.8,642,619,F,3.7,4.91,295.5
Elnora,Village,298,313,-4.8,160,151,F,6,1.47,203.2
Empress,Village,135,188,-28.2,71,73,F,-2.7,1.58,85.3
Ermineskin 138,Indian reserve,2457,1874,31.1,523,382,F,36.9,104.46,23.5
Fairview,Town,2998,3162,-5.2,1363,1322,F,3.1,11.36,264
Fairview No. 136,Municipal district,1604,1673,-4.1,683,640,F,6.7,1387.58,1.2
Falher,Town,1047,1075,-2.6,482,522,F,-7.7,2.78,376.4
Ferintosh,Village,202,181,11.6,103,96,F,7.3,0.66,305.7
Flagstaff County,Municipal district,3738,3591,4.1,1532,1511,T,1.4,4067.58,0.9
Foothills No. 31,Municipal district,22766,21248,7.1,8689,8395,T,3.5,3636.8,6.3
Foremost,Village,541,526,2.9,257,246,F,4.5,2.16,250.3
Forestburg,Village,875,831,5.3,404,380,F,6.3,2.73,320.1
Fort Mackay,Indian Settlement,742,562,32,303,235,F,28.9,9.53,77.9
Fort Macleod,Town,2967,3117,-4.8,1426,1350,F,5.6,23.41,126.8
Fort Saskatchewan,City,24149,19051,26.8,9939,8109,F,22.6,48.18,501.3
Fort Vermilion 173B,Indian reserve,96,97,-1,25,22,F,13.6,0.62,154.3
Forty Mile County No. 8,Municipal district,3581,3336,7.3,968,965,F,0.3,7249.31,0.5
Fox Creek,Town,1971,1969,0.1,1054,980,F,7.6,12.36,159.4
Fox Lake 162,Indian reserve,2032,1875,8.4,351,328,F,7,96.44,21.1
Gadsby,Village,40,25,60,25,18,F,38.9,0.75,53.6
Ghost Lake,Summer village,82,81,1.2,87,69,F,26.1,0.67,122.6
Gibbons,Town,3159,3030,4.3,1223,1111,F,10.1,7.5,421.3
Girouxville,Village,219,266,-17.7,130,147,F,-11.6,0.67,325.1
Glendon,Village,493,486,1.4,234,229,F,2.2,1.99,247.3
Glenwood,Village,316,287,10.1,119,113,F,5.3,1.37,229.9
Golden Days,Summer village,160,141,13.5,293,284,F,3.2,2.28,70.3
Grande Cache,Town,3571,4319,-17.3,1759,1752,F,0.4,34.97,102.1
Grande Prairie,City,63166,55655,13.5,26204,23243,T,12.7,132.73,475.9
Grande Prairie County No. 1,Municipal district,22303,19724,13.1,8291,7356,T,12.7,5802.21,3.8
Grandview,Summer village,114,108,5.6,210,205,F,2.4,0.79,144.3
Granum,Town,406,447,-9.2,206,220,F,-6.4,1.91,212.1
Greenview No. 16,Municipal district,5583,5299,5.4,2473,2197,F,12.6,32984.24,0.2
Gregoire Lake 176,Indian reserve,191,274,-30.3,74,99,F,-25.3,22.2,8.6
Gregoire Lake 176A,Indian reserve,130,0,,49,0,F,,1.12,115.8
Grimshaw,Town,2718,2515,8.1,1194,1093,F,9.2,7.09,383.4
Gull Lake,Summer village,176,122,44.3,244,80,F,205,0.7,251.7
Half Moon Bay,Summer village,42,38,10.5,56,62,F,-9.7,0.11,386.4
Halkirk,Village,112,121,-7.4,56,70,F,-20,0.61,184.1
Hanna,Town,2559,2673,-4.3,1246,1317,F,-5.4,8.81,290.6
Hardisty,Town,554,639,-13.3,401,366,F,9.6,5.13,108
Hay Lake 209,Indian reserve,883,949,-7,277,328,F,-15.5,103.57,8.5
Hay Lakes,Village,495,425,16.5,203,187,F,8.6,0.59,835.7
Heart Lake 167,Indian reserve,184,159,15.7,57,46,F,23.9,47.54,3.9
Heisler,Village,160,151,6,87,81,F,7.4,0.64,250.8
High Level,Town,3159,3641,-13.2,1339,1463,F,-8.5,29.2,108.2
High Prairie,Town,2564,2600,-1.4,1116,1069,F,4.4,7.22,355.3
High River,Town,13584,12930,5.1,5655,5479,T,3.2,21.39,635.1
Hill Spring,Village,162,186,-12.9,92,83,F,10.8,0.96,168.6
Hines Creek,Village,346,380,-8.9,151,157,F,-3.8,5.33,64.9
Hinton,Town,9882,9640,2.5,4343,4143,F,4.8,33.52,294.8
Holden,Village,350,381,-8.1,167,213,F,-21.6,1.74,200.9
Horse Lakes 152B,Indian reserve,469,402,16.7,112,111,F,0.9,14.33,32.7
Horseshoe Bay,Summer village,49,37,32.4,88,22,F,300,1.14,42.8
Hughenden,Village,243,230,5.7,117,106,F,10.4,0.78,309.9
Hussar,Village,190,176,8,87,89,F,-2.2,0.75,254.8
Hythe,Village,827,820,0.9,320,329,F,-2.7,4.1,201.9
Improvement District No.  4 Waterton,Improvement district,105,88,19.3,168,181,F,-7.2,485.66,0.2
Improvement District No.  9 Banff,Improvement district,1028,1175,-12.5,31,120,F,-74.2,6787.28,0.2
Improvement District No. 12 Jasper Park,Improvement district,53,34,55.9,0,0,F,,10185.75,0
Improvement District No. 13 Elk Island,Improvement district,0,10,-100,6,0,F,,165.05,0
Improvement District No. 24 Wood Buffalo,Improvement district,648,590,9.8,123,102,F,20.6,33416.3,0
Improvement District No. 25 Willmore Wilderness,Improvement district,0,0,,0,0,F,,4605.63,0
Improvement District No. 349,Improvement district,0,0,,0,0,T,,5639.63,0
Innisfail,Town,7847,7876,-0.4,3509,3323,F,5.6,19.4,404.6
Innisfree,Village,193,220,-12.3,126,136,F,-7.4,1.01,191.1
Irma,Village,521,457,14,242,229,F,5.7,1.34,389
Irricana,Town,1216,1162,4.6,479,480,F,-0.2,3.23,376.1
Island Lake,Summer village,228,243,-6.2,263,248,F,6,1.85,123.1
Island Lake South,Summer village,61,72,-15.3,74,65,F,13.8,0.67,90.8
Itaska Beach,Summer village,23,20,15,78,79,F,-1.3,0.29,78.7
Janvier 194,Indian reserve,414,295,40.3,143,128,F,11.7,27.42,15.1
Jarvis Bay,Summer village,213,203,4.9,136,134,F,1.5,0.53,405.7
Jasper,Specialized municipality,4590,4432,3.6,1702,1819,F,-6.4,924.06,5
Jean Baptiste Gambler 183,Indian reserve,253,254,-0.4,86,72,F,19.4,1.9,132.9
John d'Or Prairie 215,Indian reserve,1196,1123,6.5,237,225,F,5.3,171.03,7
Kananaskis,Improvement district,221,249,-11.2,79,65,F,21.5,4213.95,0.1
Kapasiwin,Summer village,10,10,0,41,45,F,-8.9,0.3,33.2
Kapawe'no First Nation (Freeman 150B),Indian reserve,154,115,33.9,45,39,F,15.4,0.3,520.8
Kapawe'no First Nation (Pakashan 150D),Indian reserve,5,5,0,7,5,F,40,3.9,1.3
Kehewin 123,Indian reserve,976,1065,-8.4,256,272,F,-5.9,80.05,12.2
Killam,Town,989,981,0.8,415,434,T,-4.4,6.75,146.5
Kitscoty,Village,925,846,9.3,337,316,F,6.6,1.51,610.9
Kneehill County,Municipal district,5001,4921,1.6,1859,1817,F,2.3,3381.02,1.5
Lac la Biche County,Municipal district,8330,8402,-0.9,3998,3888,F,2.8,12572.29,0.7
Lac Ste. Anne County,Municipal district,10899,10260,6.2,5385,4959,F,8.6,2850.38,3.8
Lacombe,City,13057,11707,11.5,5034,4686,F,7.4,20.81,627.5
Lacombe County,Municipal district,10343,10307,0.3,4668,4314,T,8.2,2765.16,3.7
Lakeview,Summer village,30,26,15.4,23,36,F,-36.1,0.35,86.3
Lamont,Town,1774,1753,1.2,695,673,F,3.3,9.2,192.8
Lamont County,Municipal district,3899,3872,0.7,1919,1816,T,5.7,2385.09,1.6
Larkspur,Summer village,44,38,15.8,89,69,F,29,0.26,167.2
Leduc,City,29993,24304,23.4,12264,9797,T,25.2,42.44,706.7
Leduc County,Municipal district,13780,13494,2.1,5960,5476,T,8.8,2601.49,5.3
Legal,Town,1345,1225,9.8,465,464,F,0.2,3.18,423.4
Lesser Slave River No.124,Municipal district,2803,2929,-4.3,1310,1438,F,-8.9,10074.39,0.3
Lethbridge,City,92729,83517,11,39867,37396,F,6.6,122.09,759.5
Lethbridge County,Municipal district,10353,10046,3.1,3129,3047,T,2.7,2836.64,3.6
Linden,Village,828,725,14.2,331,315,F,5.1,2.58,321.5
Little Buffalo,Indian Settlement,452,387,16.8,130,106,F,22.6,13.26,34.1
Lloydminster (Part),City,19645,18032,8.9,8444,7451,F,13.3,24.04,817.3
Lomond,Village,166,173,-4,101,102,F,-1,1.21,137
Longview,Village,307,307,0,151,140,F,7.9,1.1,278.3
Loon Lake 235,Indian reserve,555,511,8.6,157,148,F,6.1,54.98,10.1
Lougheed,Village,256,233,9.9,118,119,F,-0.8,2.1,121.8
Louis Bull 138B,Indian reserve,1177,1309,-10.1,276,253,F,9.1,31.55,37.3
Ma-Me-O Beach,Summer village,110,113,-2.7,259,253,F,2.4,0.52,213.3
Mackenzie County,Specialized municipality,11171,10927,2.2,3567,3123,F,14.2,80458.19,0.1
Magrath,Town,2374,2217,7.1,794,748,F,6.1,5.99,396.4
Makaoo (Part) 120,Indian reserve,208,180,15.6,49,48,F,2.1,35.98,5.8
Manning,Town,1183,1164,1.6,544,501,F,8.6,4.05,291.9
Mannville,Village,828,803,3.1,377,382,F,-1.3,1.64,504.6
Marwayne,Village,564,612,-7.8,245,263,F,-6.8,1.6,352.5
Mayerthorpe,Town,1320,1398,-5.6,600,629,F,-4.6,4.37,302.2
McLennan,Town,701,809,-13.3,296,342,F,-13.5,3.71,188.7
Medicine Hat,City,63260,60005,5.4,27970,27342,F,2.3,112.04,564.6
Mewatha Beach,Summer village,90,79,13.9,177,191,F,-7.3,0.8,111.8
Milk River,Town,827,811,2,420,418,F,0.5,2.33,355.2
Millet,Town,1945,2092,-7,866,869,F,-0.3,3.72,522.9
Milo,Village,91,122,-25.4,64,64,F,0,0.98,93.3
Minburn County No. 27,Municipal district,3188,3383,-5.8,1380,1417,T,-2.6,2913.02,1.1
Montana 139,Indian reserve,630,653,-3.5,143,159,F,-10.1,28.1,22.4
Morinville,Town,9848,8569,14.9,3611,3261,F,10.7,11.15,882.8
Morrin,Village,240,245,-2,132,129,F,2.3,0.67,357.2
Mountain View County,Municipal district,13074,12359,5.8,5666,5351,F,5.9,3782.64,3.5
Mundare,Town,852,855,-0.4,390,387,F,0.8,4.21,202.1
Munson,Village,192,204,-5.9,89,89,F,0,2.53,75.9
Myrnam,Village,339,370,-8.4,177,176,F,0.6,2.79,121.4
Nakamun Park,Summer village,96,36,166.7,148,138,F,7.2,0.45,214
Nampa,Village,364,362,0.6,176,169,F,4.1,1.71,213.2
Nanton,Town,2130,2132,-0.1,959,957,F,0.2,4.87,437.4
Newell County,Municipal district,7524,7138,5.4,2627,2626,T,0,5904.67,1.3
Nobleford,Village,1278,1000,27.8,427,375,F,13.9,1.59,802.6
Norglenwold,Summer village,273,232,17.7,211,193,F,9.3,0.62,443.8
Norris Beach,Summer village,38,46,-17.4,94,93,F,1.1,0.2,191.4
Northern Lights County,Municipal district,4200,4117,2,1846,1655,F,11.5,20755.37,0.2
Northern Sunrise County,Municipal district,1891,1791,5.6,798,750,F,6.4,21150.97,0.1
O'Chiese 203,Indian reserve,789,751,5.1,265,241,F,10,140.2,5.6
Okotoks,Town,28881,24511,17.8,9840,8704,F,13.1,19.63,1471
Old Fort 217,Indian reserve,0,0,,0,0,F,,10.88,0
Olds,Town,9184,8235,11.5,3942,3702,F,6.5,14.93,615.3
Onoway,Town,1029,1039,-1,374,403,F,-7.2,3.32,310.3
Opportunity No. 17,Municipal district,3181,3074,3.5,1554,1430,F,8.7,29142.1,0.1
Oyen,Town,1001,973,2.9,422,418,F,1,5.28,189.6
Paintearth County No. 18,Municipal district,2102,2029,3.6,696,653,F,6.6,3283.36,0.6
Paradise Valley,Village,179,174,2.9,76,77,F,-1.3,0.63,285
Parkland Beach,Summer village,153,124,23.4,213,168,F,26.8,0.95,160.7
Parkland County,Municipal district,32097,30568,5,12910,12150,F,6.3,2390.23,13.4
Peace No. 135,Municipal district,1747,1446,20.8,639,578,T,10.6,847.47,2.1
Peace River,Town,6842,6729,1.7,2970,2891,T,2.7,26.26,260.6
Pelican Narrows,Summer village,151,162,-6.8,65,62,F,4.8,0.72,208.4
Penhold,Town,3277,2375,38,1300,925,F,40.5,5.29,619.9
Picture Butte,Town,1810,1650,9.7,706,660,F,7,2.85,635.1
Pigeon Lake 138A,Indian reserve,429,485,-11.5,99,113,F,-12.4,20.02,21.4
Piikani 147,Indian reserve,1544,1217,26.9,438,415,F,5.5,430.16,3.6
Pincher Creek,Town,3642,3685,-1.2,1589,1581,F,0.5,10.09,361.1
Pincher Creek No. 9,Municipal district,2965,3158,-6.1,1640,1550,F,5.8,3482.05,0.9
Point Alison,Summer village,10,15,-33.3,31,31,F,0,0.16,62.7
Ponoka,Town,7229,6778,6.7,3301,3050,T,8.2,17.33,417.1
Ponoka County,Municipal district,9806,8856,10.7,4199,3669,F,14.4,2814.26,3.5
Poplar Bay,Summer village,103,80,28.8,179,184,F,-2.7,0.67,154
Provost,Town,1998,2041,-2.1,843,839,F,0.5,4.72,423
Provost No. 52,Municipal district,2205,2288,-3.6,930,941,F,-1.2,3628.39,0.6
Puskiakiwenin 122,Indian reserve,531,484,9.7,129,109,F,18.3,100.24,5.3
Rainbow Lake,Town,795,870,-8.6,475,424,F,12,10.76,73.9
Ranchland No. 66,Municipal district,92,79,16.5,57,45,F,26.7,2638.7,0
Raymond,Town,3708,3743,-0.9,1259,1235,F,1.9,6.66,557.1
Red Deer,City,100418,90564,10.9,42285,38789,F,9,104.73,958.8
Red Deer County,Municipal district,19541,18316,6.7,8440,7687,T,9.8,3961.85,4.9
Redcliff,Town,5600,5588,0.2,2232,2195,F,1.7,16.25,344.6
Redwater,Town,2053,1915,7.2,946,844,F,12.1,20.03,102.5
Rimbey,Town,2567,2378,7.9,1160,1081,F,7.3,11.4,225.1
Rochon Sands,Summer village,86,65,32.3,152,156,T,-2.6,2.16,39.9
Rocky Mountain House,Town,6635,6933,-4.3,2954,2800,F,5.5,12.71,521.8
Rocky View County,Municipal district,39407,35754,10.2,13620,12577,T,8.3,3836.33,10.3
Rockyford,Village,316,325,-2.8,151,149,F,1.3,1.08,291.8
Rosalind,Village,188,190,-1.1,95,92,F,3.3,0.62,303.1
Rosemary,Village,396,342,15.8,150,150,F,0,0.59,665.7
Ross Haven,Summer village,160,137,16.8,215,216,F,-0.5,0.71,225.9
Rycroft,Village,612,628,-2.5,316,310,F,1.9,1.92,319
Ryley,Village,483,497,-2.8,235,241,F,-2.5,2.61,185.3
Saddle Hills County,Municipal district,2225,2288,-2.8,978,973,F,0.5,5838.15,0.4
Saddle Lake 125,Indian reserve,,,,,,F,,277.31,
Samson 137,Indian reserve,3373,3746,-10,878,927,F,-5.3,128.14,26.3
Samson 137A,Indian reserve,26,38,-31.6,6,10,F,-40,1.34,19.4
Sandy Beach,Summer village,278,223,24.7,264,277,F,-4.7,2.4,115.9
Sawridge 150G,Indian reserve,20,48,-58.3,31,28,F,10.7,10.01,2
Sawridge 150H,Indian reserve,10,20,-50,4,4,F,0,13.44,0.7
Seba Beach,Summer village,169,143,18.2,323,338,F,-4.4,0.86,195.5
Sedgewick,Town,811,857,-5.4,401,413,F,-2.9,2.72,297.8
Sexsmith,Town,2620,2418,8.4,937,848,F,10.5,13.24,197.9
Siksika 146,Indian reserve,3479,2972,17.1,1131,1199,F,-5.7,701.96,5
Silver Beach,Summer village,65,52,25,100,93,F,7.5,0.64,101
Silver Sands,Summer village,160,85,88.2,165,57,F,189.5,2.41,66.3
Slave Lake,Town,6651,6782,-1.9,2762,2554,F,8.1,14.44,460.5
Smoky Lake,Town,964,1022,-5.7,499,478,F,4.4,4.26,226.2
Smoky Lake County,Municipal district,4107,3910,5,2248,1920,F,17.1,3412.92,1.2
Smoky River No. 130,Municipal district,2023,2126,-4.8,891,819,F,8.8,2840.14,0.7
South Baptiste,Summer village,66,52,26.9,77,74,F,4.1,0.93,70.9
South View,Summer village,67,35,91.4,88,20,F,340,0.41,164.9
Special Area No. 2,Special area,1905,2025,-5.9,750,745,F,0.7,9347.57,0.2
Special Area No. 3,Special area,1042,1122,-7.1,457,455,F,0.4,6625.58,0.2
Special Area No. 4,Special area,1237,1352,-8.5,471,501,F,-6,4402.64,0.3
Spirit River,Town,995,1025,-2.9,487,471,F,3.4,3.14,317.3
Spirit River No. 133,Municipal district,700,713,-1.8,306,300,F,2,683.6,1
Spring Lake,Village,699,533,31.1,303,238,F,27.3,2.33,300.5
Spruce Grove,City,34066,26171,30.2,13109,10105,F,29.7,32.2,1057.9
St. Albert,City,65589,61466,6.7,24446,22990,F,6.3,48.45,1353.9
St. Paul,Town,5827,5405,7.8,2378,2340,T,1.6,8.64,674.2
St. Paul County No. 19,Municipal district,6036,5826,3.6,3562,2606,T,36.7,3309.44,1.8
Standard,Village,353,379,-6.9,150,158,F,-5.1,2.35,150.1
Starland County,Municipal district,2066,2057,0.4,693,664,F,4.4,2559.95,0.8
Stavely,Town,541,505,7.1,290,278,F,4.3,1.83,296.2
Stettler,Town,5952,5748,3.5,2607,2536,F,2.8,13.14,453
Stettler County No. 6,Municipal district,5322,5103,4.3,2137,1967,T,8.6,4018.84,1.3
Stirling,Village,978,1090,-10.3,375,352,F,6.5,2.71,360.4
"Stoney 142, 143, 144",Indian reserve,3713,3494,6.3,855,795,F,7.5,445.72,8.3
Stony Plain,Town,17189,15051,14.2,6954,6204,F,12.1,35.72,481.2
Stony Plain 135,Indian reserve,1690,987,71.2,576,378,F,52.4,51.55,32.8
Strathcona County,Specialized municipality,98044,92490,6,36354,34136,F,6.5,1182.78,82.9
Strathmore,Town,13756,12305,11.8,5358,4930,F,8.7,27.4,502
Sturgeon County,Municipal district,20495,19578,4.7,7337,6915,F,6.1,2090.13,9.8
Sturgeon Lake 154,Indian reserve,1447,1162,24.5,455,343,F,32.7,150.9,9.6
Sturgeon Lake 154A,Indian reserve,53,24,120.8,16,8,F,100,8.92,5.9
Sucker Creek 150A,Indian reserve,689,677,1.8,274,255,F,7.5,66.99,10.3
Sunbreaker Cove,Summer village,81,69,17.4,240,209,F,14.8,0.5,160.8
Sunchild 202,Indian reserve,749,677,10.6,187,209,F,-10.5,53.51,14
Sundance Beach,Summer village,73,82,-11,148,128,F,15.6,0.44,165.8
Sundre,Town,2729,2610,4.6,1256,1738,F,-27.7,11.11,245.6
Sunrise Beach,Summer village,135,149,-9.4,139,151,F,-7.9,1.66,81.4
Sunset Beach,Summer village,49,44,11.4,99,108,F,-8.3,0.74,65.9
Sunset Point,Summer village,169,221,-23.5,337,244,F,38.1,1.15,147.1
Swan Hills,Town,1301,1465,-11.2,724,718,F,0.8,26.12,49.8
Swan River 150E,Indian reserve,413,312,32.4,123,102,F,20.6,42.7,9.7
Sylvan Lake,Town,14816,12362,19.9,6567,5611,T,17,23.36,634.2
Taber,Municipal district,7098,6851,3.6,2081,2022,F,2.9,4201.65,1.7
Taber,Town,8428,8104,4,3384,3279,F,3.2,15.67,537.9
Tall Cree 173,Indian reserve,250,202,23.8,53,57,F,-7,38.71,6.5
Tall Cree 173A,Indian reserve,224,163,37.4,58,53,F,9.4,53.69,4.2
Thabacha N·re 196A,Indian reserve,28,0,,16,0,F,,2.46,11.4
Thebathi 196,Indian reserve,20,30,-33.3,19,12,F,58.3,60.73,0.3
Thorhild County,Municipal district,3254,3417,-4.8,1836,1807,F,1.6,2001.74,1.6
Thorsby,Village,985,951,3.6,428,436,T,-1.8,3.85,255.8
Three Hills,Town,3212,3198,0.4,1306,1257,F,3.9,6.75,475.7
Tofield,Town,2081,2182,-4.6,864,878,F,-1.6,8.21,253.4
Trochu,Town,1058,1072,-1.3,472,429,F,10,2.78,381.1
Tsuu T'ina Nation 145 (Sarcee 145),Indian reserve,1643,2052,-19.9,742,655,F,13.3,282.92,5.8
Turner Valley,Town,2559,2167,18.1,1066,934,F,14.1,5.79,442.1
Two Hills,Town,1352,1379,-2,478,522,F,-8.4,3.38,400
Two Hills County No. 21,Municipal district,3322,3160,5.1,1499,1222,F,22.7,2637.18,1.3
Unipouheos 121,Indian reserve,909,813,11.8,232,200,F,16,88.3,10.3
Upper Hay River 212,Indian reserve,294,292,0.7,115,111,F,3.6,14.07,20.9
Utikoomak Lake 155,Indian reserve,723,644,12.3,193,188,F,2.7,64.56,11.2
Utikoomak Lake 155A,Indian reserve,127,121,5,34,35,F,-2.9,7.21,17.6
Val Quentin,Summer village,252,157,60.5,224,179,F,25.1,0.31,814
Valleyview,Town,1863,1761,5.8,833,786,F,6,9.32,199.9
Vauxhall,Town,1222,1288,-5.1,458,458,F,0,2.72,449.4
Vegreville,Town,5708,5717,-0.2,2734,2680,F,2,14.08,405.4
Vermilion,Town,4084,3930,3.9,1988,1845,F,7.8,12.93,315.8
Vermilion River County,Municipal district,8267,7905,4.6,3268,3008,F,8.6,5519.75,1.5
Veteran,Village,207,249,-16.9,112,119,F,-5.9,0.84,246.9
Viking,Town,1083,1041,4,505,473,F,6.8,3.7,292.5
Vilna,Village,290,249,16.5,143,135,F,5.9,0.96,300.8
Vulcan,Town,1917,1836,4.4,879,865,F,1.6,6.34,302.3
Vulcan County,Municipal district,3984,3875,2.8,1616,1433,F,12.8,5433.43,0.7
Wabamun,Village,682,661,3.2,290,295,F,-1.7,3.58,190.5
Wabamun 133A,Indian reserve,1592,1069,48.9,369,226,F,63.3,62.19,25.6
Wabamun 133B,Indian reserve,30,17,76.5,5,5,F,0,1.96,15.3
Wabasca 166,Indian reserve,160,152,5.3,49,50,F,-2,84.96,1.9
Wabasca 166A,Indian reserve,658,738,-10.8,213,199,F,7,6.33,103.9
Wabasca 166B,Indian reserve,190,250,-24,52,53,F,-1.9,25.52,7.4
Wabasca 166C,Indian reserve,188,182,3.3,58,57,F,1.8,35.24,5.3
Wabasca 166D,Indian reserve,961,885,8.6,273,280,F,-2.5,58.8,16.3
Wainwright,Town,6270,5925,5.8,2770,2577,F,7.5,9.1,688.7
Wainwright No. 61,Municipal district,4479,4138,8.2,1768,1419,F,24.6,4156.56,1.1
Waiparous,Summer village,49,42,16.7,48,43,F,11.6,0.41,118.6
Warburg,Village,766,789,-2.9,335,337,F,-0.6,2.68,285.9
Warner,Village,373,331,12.7,196,190,F,3.2,1.16,321.6
Warner County No. 5,Municipal district,3847,3841,0.2,941,956,F,-1.6,4531.55,0.8
Waskatenau,Village,186,255,-27.1,129,140,F,-7.9,0.6,311.9
Wembley,Town,1516,1383,9.6,618,542,F,14,4.75,318.9
West Baptiste,Summer village,38,52,-26.9,47,85,F,-44.7,0.65,58.5
West Cove,Summer village,149,121,23.1,214,161,F,32.9,1.33,112.3
Westlock,Town,5101,4823,5.8,2333,2212,F,5.5,13.37,381.4
Westlock County,Municipal district,7220,7644,-5.5,3009,2925,F,2.9,3171.83,2.3
Wetaskiwin,City,12655,12525,1,5563,5477,F,1.6,18.31,691.1
Wetaskiwin County No. 10,Municipal district,11181,10866,2.9,5556,5025,F,10.6,3132.06,3.6
Wheatland County,Municipal district,8788,8285,6.1,3117,2941,F,6,4545.92,1.9
Whispering Hills,Summer village,142,108,31.5,136,136,F,0,1.68,84.6
White Fish Lake 128,Indian reserve,1310,1188,10.3,319,318,F,0.3,50.93,25.7
White Sands,Summer village,120,91,31.9,253,217,F,16.6,1.58,76.2
Whitecourt,Town,10204,9605,6.2,4253,3893,F,9.2,26.44,386
Willingdon,Village,319,275,16,160,166,F,-3.6,0.92,345
Willow Creek No. 26,Municipal district,5179,5107,1.4,1863,1747,F,6.6,4558.14,1.1
Wood Buffalo,Specialized municipality,71589,65565,9.2,30713,27999,T,9.7,61777.65,1.2
Woodland Cree 226,Indian reserve,723,706,2.4,211,185,F,14.1,123.08,5.9
Woodland Cree 228,Indian reserve,150,143,4.9,36,32,F,12.5,38.05,3.9
Woodlands County,Municipal district,4754,4306,10.4,1950,1753,F,11.2,7669.13,0.6
Yellowhead County,Municipal district,10995,10469,5,5048,4708,F,7.2,22293.16,0.5
Yellowstone,Summer village,137,124,10.5,145,143,F,1.4,0.28,482.1
Youngstown,Village,154,178,-13.5,88,101,F,-12.9,1.11,139.3